"","ID","Genotype","Phase","Duration","Dur (ms)","Type","Inten (dB)","CR","FA","Hit","Miss"
"1","BP1","Fmr1-LE_KO","BBN Rxn","100ms",100,0,-100,534,48,NA,NA
"2","BP1","Fmr1-LE_KO","BBN Rxn","100ms",100,1,20,NA,NA,18,175
"3","BP1","Fmr1-LE_KO","BBN Rxn","100ms",100,1,30,NA,NA,167,27
"4","BP1","Fmr1-LE_KO","BBN Rxn","100ms",100,1,40,NA,NA,189,5
"5","BP1","Fmr1-LE_KO","BBN Rxn","100ms",100,1,50,NA,NA,190,4
"6","BP1","Fmr1-LE_KO","BBN Rxn","100ms",100,1,60,NA,NA,195,1
"7","BP1","Fmr1-LE_KO","BBN Rxn","100ms",100,1,70,NA,NA,194,1
"8","BP1","Fmr1-LE_KO","BBN Rxn","100ms",100,1,80,NA,NA,193,NA
"9","BP1","Fmr1-LE_KO","BBN Rxn","300ms",300,0,-100,641,148,NA,NA
"10","BP1","Fmr1-LE_KO","BBN Rxn","300ms",300,1,20,NA,NA,178,87
"11","BP1","Fmr1-LE_KO","BBN Rxn","300ms",300,1,30,NA,NA,260,3
"12","BP1","Fmr1-LE_KO","BBN Rxn","300ms",300,1,40,NA,NA,264,NA
"13","BP1","Fmr1-LE_KO","BBN Rxn","300ms",300,1,50,NA,NA,259,3
"14","BP1","Fmr1-LE_KO","BBN Rxn","300ms",300,1,60,NA,NA,263,NA
"15","BP1","Fmr1-LE_KO","BBN Rxn","300ms",300,1,70,NA,NA,263,NA
"16","BP1","Fmr1-LE_KO","BBN Rxn","300ms",300,1,80,NA,NA,262,NA
"17","BP1","Fmr1-LE_KO","BBN Rxn","50-300ms",50,1,20,NA,NA,27,114
"18","BP1","Fmr1-LE_KO","BBN Rxn","50-300ms",50,1,30,NA,NA,66,77
"19","BP1","Fmr1-LE_KO","BBN Rxn","50-300ms",50,1,40,NA,NA,135,10
"20","BP1","Fmr1-LE_KO","BBN Rxn","50-300ms",50,1,50,NA,NA,140,4
"21","BP1","Fmr1-LE_KO","BBN Rxn","50-300ms",50,1,60,NA,NA,145,NA
"22","BP1","Fmr1-LE_KO","BBN Rxn","50-300ms",50,1,70,NA,NA,143,1
"23","BP1","Fmr1-LE_KO","BBN Rxn","50-300ms",50,1,80,NA,NA,144,1
"24","BP1","Fmr1-LE_KO","BBN Rxn","50-300ms",100,1,20,NA,NA,21,124
"25","BP1","Fmr1-LE_KO","BBN Rxn","50-300ms",100,1,30,NA,NA,94,49
"26","BP1","Fmr1-LE_KO","BBN Rxn","50-300ms",100,1,40,NA,NA,144,1
"27","BP1","Fmr1-LE_KO","BBN Rxn","50-300ms",100,1,50,NA,NA,146,1
"28","BP1","Fmr1-LE_KO","BBN Rxn","50-300ms",100,1,60,NA,NA,142,1
"29","BP1","Fmr1-LE_KO","BBN Rxn","50-300ms",100,1,70,NA,NA,143,2
"30","BP1","Fmr1-LE_KO","BBN Rxn","50-300ms",100,1,80,NA,NA,144,NA
"31","BP1","Fmr1-LE_KO","BBN Rxn","50-300ms",300,0,-100,1104,191,NA,NA
"32","BP1","Fmr1-LE_KO","BBN Rxn","50-300ms",300,1,20,NA,NA,39,106
"33","BP1","Fmr1-LE_KO","BBN Rxn","50-300ms",300,1,30,NA,NA,130,16
"34","BP1","Fmr1-LE_KO","BBN Rxn","50-300ms",300,1,40,NA,NA,143,NA
"35","BP1","Fmr1-LE_KO","BBN Rxn","50-300ms",300,1,50,NA,NA,143,NA
"36","BP1","Fmr1-LE_KO","BBN Rxn","50-300ms",300,1,60,NA,NA,145,1
"37","BP1","Fmr1-LE_KO","BBN Rxn","50-300ms",300,1,70,NA,NA,143,NA
"38","BP1","Fmr1-LE_KO","BBN Rxn","50-300ms",300,1,80,NA,NA,144,NA
"39","BP1","Fmr1-LE_KO","BBN Rxn","50ms",50,0,-100,388,77,NA,NA
"40","BP1","Fmr1-LE_KO","BBN Rxn","50ms",50,1,20,NA,NA,31,124
"41","BP1","Fmr1-LE_KO","BBN Rxn","50ms",50,1,30,NA,NA,86,69
"42","BP1","Fmr1-LE_KO","BBN Rxn","50ms",50,1,40,NA,NA,145,11
"43","BP1","Fmr1-LE_KO","BBN Rxn","50ms",50,1,50,NA,NA,152,2
"44","BP1","Fmr1-LE_KO","BBN Rxn","50ms",50,1,60,NA,NA,153,2
"45","BP1","Fmr1-LE_KO","BBN Rxn","50ms",50,1,70,NA,NA,154,NA
"46","BP1","Fmr1-LE_KO","BBN Rxn","50ms",50,1,80,NA,NA,155,NA
"47","BP1","Fmr1-LE_KO","BBN TH","100ms",100,0,-100,541,86,NA,NA
"48","BP1","Fmr1-LE_KO","BBN TH","100ms",100,1,10,NA,NA,8,81
"49","BP1","Fmr1-LE_KO","BBN TH","100ms",100,1,15,NA,NA,21,100
"50","BP1","Fmr1-LE_KO","BBN TH","100ms",100,1,20,NA,NA,34,175
"51","BP1","Fmr1-LE_KO","BBN TH","100ms",100,1,25,NA,NA,56,66
"52","BP1","Fmr1-LE_KO","BBN TH","100ms",100,1,30,NA,NA,172,38
"53","BP1","Fmr1-LE_KO","BBN TH","100ms",100,1,35,NA,NA,118,3
"54","BP1","Fmr1-LE_KO","BBN TH","100ms",100,1,40,NA,NA,208,2
"55","BP1","Fmr1-LE_KO","BBN TH","100ms",100,1,45,NA,NA,121,NA
"56","BP1","Fmr1-LE_KO","BBN TH","100ms",100,1,50,NA,NA,87,1
"57","BP1","Fmr1-LE_KO","BBN TH","100ms",100,1,60,NA,NA,88,NA
"58","BP1","Fmr1-LE_KO","BBN TH","100ms",100,1,70,NA,NA,87,1
"59","BP1","Fmr1-LE_KO","BBN TH","300ms",300,0,-100,312,139,NA,NA
"60","BP1","Fmr1-LE_KO","BBN TH","300ms",300,1,10,NA,NA,31,59
"61","BP1","Fmr1-LE_KO","BBN TH","300ms",300,1,15,NA,NA,33,27
"62","BP1","Fmr1-LE_KO","BBN TH","300ms",300,1,20,NA,NA,112,38
"63","BP1","Fmr1-LE_KO","BBN TH","300ms",300,1,25,NA,NA,56,5
"64","BP1","Fmr1-LE_KO","BBN TH","300ms",300,1,30,NA,NA,150,2
"65","BP1","Fmr1-LE_KO","BBN TH","300ms",300,1,35,NA,NA,61,NA
"66","BP1","Fmr1-LE_KO","BBN TH","300ms",300,1,40,NA,NA,152,NA
"67","BP1","Fmr1-LE_KO","BBN TH","300ms",300,1,45,NA,NA,62,NA
"68","BP1","Fmr1-LE_KO","BBN TH","300ms",300,1,50,NA,NA,89,1
"69","BP1","Fmr1-LE_KO","BBN TH","300ms",300,1,60,NA,NA,91,NA
"70","BP1","Fmr1-LE_KO","BBN TH","300ms",300,1,70,NA,NA,90,NA
"71","BP1","Fmr1-LE_KO","BBN TH","50-300ms",50,1,10,NA,NA,5,18
"72","BP1","Fmr1-LE_KO","BBN TH","50-300ms",50,1,15,NA,NA,17,20
"73","BP1","Fmr1-LE_KO","BBN TH","50-300ms",50,1,20,NA,NA,11,49
"74","BP1","Fmr1-LE_KO","BBN TH","50-300ms",50,1,25,NA,NA,15,22
"75","BP1","Fmr1-LE_KO","BBN TH","50-300ms",50,1,30,NA,NA,36,23
"76","BP1","Fmr1-LE_KO","BBN TH","50-300ms",50,1,35,NA,NA,28,9
"77","BP1","Fmr1-LE_KO","BBN TH","50-300ms",50,1,40,NA,NA,55,6
"78","BP1","Fmr1-LE_KO","BBN TH","50-300ms",50,1,45,NA,NA,37,NA
"79","BP1","Fmr1-LE_KO","BBN TH","50-300ms",50,1,50,NA,NA,19,2
"80","BP1","Fmr1-LE_KO","BBN TH","50-300ms",50,1,60,NA,NA,22,NA
"81","BP1","Fmr1-LE_KO","BBN TH","50-300ms",50,1,70,NA,NA,21,NA
"82","BP1","Fmr1-LE_KO","BBN TH","50-300ms",100,1,10,NA,NA,5,17
"83","BP1","Fmr1-LE_KO","BBN TH","50-300ms",100,1,15,NA,NA,12,26
"84","BP1","Fmr1-LE_KO","BBN TH","50-300ms",100,1,20,NA,NA,14,46
"85","BP1","Fmr1-LE_KO","BBN TH","50-300ms",100,1,25,NA,NA,16,21
"86","BP1","Fmr1-LE_KO","BBN TH","50-300ms",100,1,30,NA,NA,49,11
"87","BP1","Fmr1-LE_KO","BBN TH","50-300ms",100,1,35,NA,NA,35,2
"88","BP1","Fmr1-LE_KO","BBN TH","50-300ms",100,1,40,NA,NA,60,NA
"89","BP1","Fmr1-LE_KO","BBN TH","50-300ms",100,1,45,NA,NA,37,NA
"90","BP1","Fmr1-LE_KO","BBN TH","50-300ms",100,1,50,NA,NA,22,NA
"91","BP1","Fmr1-LE_KO","BBN TH","50-300ms",100,1,60,NA,NA,21,1
"92","BP1","Fmr1-LE_KO","BBN TH","50-300ms",100,1,70,NA,NA,23,NA
"93","BP1","Fmr1-LE_KO","BBN TH","50-300ms",300,0,-100,393,141,NA,NA
"94","BP1","Fmr1-LE_KO","BBN TH","50-300ms",300,1,10,NA,NA,3,18
"95","BP1","Fmr1-LE_KO","BBN TH","50-300ms",300,1,15,NA,NA,14,24
"96","BP1","Fmr1-LE_KO","BBN TH","50-300ms",300,1,20,NA,NA,17,43
"97","BP1","Fmr1-LE_KO","BBN TH","50-300ms",300,1,25,NA,NA,20,17
"98","BP1","Fmr1-LE_KO","BBN TH","50-300ms",300,1,30,NA,NA,54,4
"99","BP1","Fmr1-LE_KO","BBN TH","50-300ms",300,1,35,NA,NA,38,NA
"100","BP1","Fmr1-LE_KO","BBN TH","50-300ms",300,1,40,NA,NA,58,NA
"101","BP1","Fmr1-LE_KO","BBN TH","50-300ms",300,1,45,NA,NA,37,NA
"102","BP1","Fmr1-LE_KO","BBN TH","50-300ms",300,1,50,NA,NA,21,NA
"103","BP1","Fmr1-LE_KO","BBN TH","50-300ms",300,1,60,NA,NA,22,NA
"104","BP1","Fmr1-LE_KO","BBN TH","50-300ms",300,1,70,NA,NA,22,NA
"105","BP1","Fmr1-LE_KO","BBN TH","50ms",50,0,-100,241,99,NA,NA
"106","BP1","Fmr1-LE_KO","BBN TH","50ms",50,1,10,NA,NA,10,52
"107","BP1","Fmr1-LE_KO","BBN TH","50ms",50,1,15,NA,NA,21,32
"108","BP1","Fmr1-LE_KO","BBN TH","50ms",50,1,20,NA,NA,38,76
"109","BP1","Fmr1-LE_KO","BBN TH","50ms",50,1,25,NA,NA,35,19
"110","BP1","Fmr1-LE_KO","BBN TH","50ms",50,1,30,NA,NA,90,25
"111","BP1","Fmr1-LE_KO","BBN TH","50ms",50,1,35,NA,NA,53,NA
"112","BP1","Fmr1-LE_KO","BBN TH","50ms",50,1,40,NA,NA,113,1
"113","BP1","Fmr1-LE_KO","BBN TH","50ms",50,1,45,NA,NA,54,NA
"114","BP1","Fmr1-LE_KO","BBN TH","50ms",50,1,50,NA,NA,61,NA
"115","BP1","Fmr1-LE_KO","BBN TH","50ms",50,1,60,NA,NA,60,NA
"116","BP1","Fmr1-LE_KO","BBN TH","50ms",50,1,70,NA,NA,60,NA
"117","BP2","Fmr1-LE_WT","BBN Rotating","100ms",100,0,-100,318,22,NA,NA
"118","BP2","Fmr1-LE_WT","BBN Rotating","100ms",100,1,20,NA,NA,21,92
"119","BP2","Fmr1-LE_WT","BBN Rotating","100ms",100,1,30,NA,NA,103,11
"120","BP2","Fmr1-LE_WT","BBN Rotating","100ms",100,1,40,NA,NA,114,NA
"121","BP2","Fmr1-LE_WT","BBN Rotating","100ms",100,1,50,NA,NA,112,1
"122","BP2","Fmr1-LE_WT","BBN Rotating","100ms",100,1,60,NA,NA,112,1
"123","BP2","Fmr1-LE_WT","BBN Rotating","100ms",100,1,70,NA,NA,114,NA
"124","BP2","Fmr1-LE_WT","BBN Rotating","100ms",100,1,80,NA,NA,113,NA
"125","BP2","Fmr1-LE_WT","BBN Rotating","300ms",300,0,-100,364,36,NA,NA
"126","BP2","Fmr1-LE_WT","BBN Rotating","300ms",300,1,20,NA,NA,56,78
"127","BP2","Fmr1-LE_WT","BBN Rotating","300ms",300,1,30,NA,NA,130,4
"128","BP2","Fmr1-LE_WT","BBN Rotating","300ms",300,1,40,NA,NA,133,NA
"129","BP2","Fmr1-LE_WT","BBN Rotating","300ms",300,1,50,NA,NA,134,NA
"130","BP2","Fmr1-LE_WT","BBN Rotating","300ms",300,1,60,NA,NA,133,NA
"131","BP2","Fmr1-LE_WT","BBN Rotating","300ms",300,1,70,NA,NA,133,NA
"132","BP2","Fmr1-LE_WT","BBN Rotating","300ms",300,1,80,NA,NA,132,NA
"133","BP2","Fmr1-LE_WT","BBN Rotating","50ms",50,0,-100,539,43,NA,NA
"134","BP2","Fmr1-LE_WT","BBN Rotating","50ms",50,1,20,NA,NA,41,152
"135","BP2","Fmr1-LE_WT","BBN Rotating","50ms",50,1,30,NA,NA,169,26
"136","BP2","Fmr1-LE_WT","BBN Rotating","50ms",50,1,40,NA,NA,194,1
"137","BP2","Fmr1-LE_WT","BBN Rotating","50ms",50,1,50,NA,NA,192,3
"138","BP2","Fmr1-LE_WT","BBN Rotating","50ms",50,1,60,NA,NA,193,1
"139","BP2","Fmr1-LE_WT","BBN Rotating","50ms",50,1,70,NA,NA,194,NA
"140","BP2","Fmr1-LE_WT","BBN Rotating","50ms",50,1,80,NA,NA,195,NA
"141","BP2","Fmr1-LE_WT","BBN Rxn","100ms",100,0,-100,648,49,NA,NA
"142","BP2","Fmr1-LE_WT","BBN Rxn","100ms",100,1,20,NA,NA,66,167
"143","BP2","Fmr1-LE_WT","BBN Rxn","100ms",100,1,30,NA,NA,215,16
"144","BP2","Fmr1-LE_WT","BBN Rxn","100ms",100,1,40,NA,NA,232,1
"145","BP2","Fmr1-LE_WT","BBN Rxn","100ms",100,1,50,NA,NA,231,NA
"146","BP2","Fmr1-LE_WT","BBN Rxn","100ms",100,1,60,NA,NA,232,1
"147","BP2","Fmr1-LE_WT","BBN Rxn","100ms",100,1,70,NA,NA,233,NA
"148","BP2","Fmr1-LE_WT","BBN Rxn","100ms",100,1,80,NA,NA,231,1
"149","BP2","Fmr1-LE_WT","BBN Rxn","300ms",300,0,-100,697,65,NA,NA
"150","BP2","Fmr1-LE_WT","BBN Rxn","300ms",300,1,20,NA,NA,97,158
"151","BP2","Fmr1-LE_WT","BBN Rxn","300ms",300,1,30,NA,NA,246,6
"152","BP2","Fmr1-LE_WT","BBN Rxn","300ms",300,1,40,NA,NA,255,NA
"153","BP2","Fmr1-LE_WT","BBN Rxn","300ms",300,1,50,NA,NA,254,2
"154","BP2","Fmr1-LE_WT","BBN Rxn","300ms",300,1,60,NA,NA,253,2
"155","BP2","Fmr1-LE_WT","BBN Rxn","300ms",300,1,70,NA,NA,252,1
"156","BP2","Fmr1-LE_WT","BBN Rxn","300ms",300,1,80,NA,NA,254,1
"157","BP2","Fmr1-LE_WT","BBN Rxn","50-300ms",50,1,20,NA,NA,28,75
"158","BP2","Fmr1-LE_WT","BBN Rxn","50-300ms",50,1,30,NA,NA,94,10
"159","BP2","Fmr1-LE_WT","BBN Rxn","50-300ms",50,1,40,NA,NA,104,2
"160","BP2","Fmr1-LE_WT","BBN Rxn","50-300ms",50,1,50,NA,NA,104,NA
"161","BP2","Fmr1-LE_WT","BBN Rxn","50-300ms",50,1,60,NA,NA,102,NA
"162","BP2","Fmr1-LE_WT","BBN Rxn","50-300ms",50,1,70,NA,NA,106,NA
"163","BP2","Fmr1-LE_WT","BBN Rxn","50-300ms",50,1,80,NA,NA,103,NA
"164","BP2","Fmr1-LE_WT","BBN Rxn","50-300ms",100,1,20,NA,NA,30,73
"165","BP2","Fmr1-LE_WT","BBN Rxn","50-300ms",100,1,30,NA,NA,98,4
"166","BP2","Fmr1-LE_WT","BBN Rxn","50-300ms",100,1,40,NA,NA,100,2
"167","BP2","Fmr1-LE_WT","BBN Rxn","50-300ms",100,1,50,NA,NA,104,NA
"168","BP2","Fmr1-LE_WT","BBN Rxn","50-300ms",100,1,60,NA,NA,102,NA
"169","BP2","Fmr1-LE_WT","BBN Rxn","50-300ms",100,1,70,NA,NA,103,NA
"170","BP2","Fmr1-LE_WT","BBN Rxn","50-300ms",100,1,80,NA,NA,102,NA
"171","BP2","Fmr1-LE_WT","BBN Rxn","50-300ms",300,0,-100,832,100,NA,NA
"172","BP2","Fmr1-LE_WT","BBN Rxn","50-300ms",300,1,20,NA,NA,56,48
"173","BP2","Fmr1-LE_WT","BBN Rxn","50-300ms",300,1,30,NA,NA,101,NA
"174","BP2","Fmr1-LE_WT","BBN Rxn","50-300ms",300,1,40,NA,NA,104,NA
"175","BP2","Fmr1-LE_WT","BBN Rxn","50-300ms",300,1,50,NA,NA,103,NA
"176","BP2","Fmr1-LE_WT","BBN Rxn","50-300ms",300,1,60,NA,NA,104,NA
"177","BP2","Fmr1-LE_WT","BBN Rxn","50-300ms",300,1,70,NA,NA,103,NA
"178","BP2","Fmr1-LE_WT","BBN Rxn","50-300ms",300,1,80,NA,NA,103,NA
"179","BP2","Fmr1-LE_WT","BBN Rxn","50ms",50,0,-100,633,73,NA,NA
"180","BP2","Fmr1-LE_WT","BBN Rxn","50ms",50,1,20,NA,NA,56,179
"181","BP2","Fmr1-LE_WT","BBN Rxn","50ms",50,1,30,NA,NA,218,18
"182","BP2","Fmr1-LE_WT","BBN Rxn","50ms",50,1,40,NA,NA,232,2
"183","BP2","Fmr1-LE_WT","BBN Rxn","50ms",50,1,50,NA,NA,235,1
"184","BP2","Fmr1-LE_WT","BBN Rxn","50ms",50,1,60,NA,NA,234,NA
"185","BP2","Fmr1-LE_WT","BBN Rxn","50ms",50,1,70,NA,NA,234,1
"186","BP2","Fmr1-LE_WT","BBN Rxn","50ms",50,1,80,NA,NA,235,NA
"187","BP2","Fmr1-LE_WT","BBN TH","100ms",100,0,-100,575,98,NA,NA
"188","BP2","Fmr1-LE_WT","BBN TH","100ms",100,1,10,NA,NA,15,76
"189","BP2","Fmr1-LE_WT","BBN TH","100ms",100,1,15,NA,NA,28,107
"190","BP2","Fmr1-LE_WT","BBN TH","100ms",100,1,20,NA,NA,122,103
"191","BP2","Fmr1-LE_WT","BBN TH","100ms",100,1,25,NA,NA,109,25
"192","BP2","Fmr1-LE_WT","BBN TH","100ms",100,1,30,NA,NA,218,6
"193","BP2","Fmr1-LE_WT","BBN TH","100ms",100,1,35,NA,NA,135,NA
"194","BP2","Fmr1-LE_WT","BBN TH","100ms",100,1,40,NA,NA,225,NA
"195","BP2","Fmr1-LE_WT","BBN TH","100ms",100,1,45,NA,NA,134,NA
"196","BP2","Fmr1-LE_WT","BBN TH","100ms",100,1,50,NA,NA,90,NA
"197","BP2","Fmr1-LE_WT","BBN TH","100ms",100,1,60,NA,NA,90,NA
"198","BP2","Fmr1-LE_WT","BBN TH","100ms",100,1,70,NA,NA,89,NA
"199","BP2","Fmr1-LE_WT","BBN TH","300ms",300,0,-100,546,102,NA,NA
"200","BP2","Fmr1-LE_WT","BBN TH","300ms",300,1,10,NA,NA,7,75
"201","BP2","Fmr1-LE_WT","BBN TH","300ms",300,1,15,NA,NA,33,100
"202","BP2","Fmr1-LE_WT","BBN TH","300ms",300,1,20,NA,NA,105,111
"203","BP2","Fmr1-LE_WT","BBN TH","300ms",300,1,25,NA,NA,102,31
"204","BP2","Fmr1-LE_WT","BBN TH","300ms",300,1,30,NA,NA,202,14
"205","BP2","Fmr1-LE_WT","BBN TH","300ms",300,1,35,NA,NA,124,10
"206","BP2","Fmr1-LE_WT","BBN TH","300ms",300,1,40,NA,NA,205,10
"207","BP2","Fmr1-LE_WT","BBN TH","300ms",300,1,45,NA,NA,128,5
"208","BP2","Fmr1-LE_WT","BBN TH","300ms",300,1,50,NA,NA,82,NA
"209","BP2","Fmr1-LE_WT","BBN TH","300ms",300,1,60,NA,NA,81,1
"210","BP2","Fmr1-LE_WT","BBN TH","300ms",300,1,70,NA,NA,82,NA
"211","BP2","Fmr1-LE_WT","BBN TH","50-300ms",50,1,10,NA,NA,4,29
"212","BP2","Fmr1-LE_WT","BBN TH","50-300ms",50,1,15,NA,NA,13,28
"213","BP2","Fmr1-LE_WT","BBN TH","50-300ms",50,1,20,NA,NA,17,59
"214","BP2","Fmr1-LE_WT","BBN TH","50-300ms",50,1,25,NA,NA,34,7
"215","BP2","Fmr1-LE_WT","BBN TH","50-300ms",50,1,30,NA,NA,68,6
"216","BP2","Fmr1-LE_WT","BBN TH","50-300ms",50,1,35,NA,NA,43,NA
"217","BP2","Fmr1-LE_WT","BBN TH","50-300ms",50,1,40,NA,NA,75,NA
"218","BP2","Fmr1-LE_WT","BBN TH","50-300ms",50,1,45,NA,NA,41,NA
"219","BP2","Fmr1-LE_WT","BBN TH","50-300ms",50,1,50,NA,NA,33,NA
"220","BP2","Fmr1-LE_WT","BBN TH","50-300ms",50,1,60,NA,NA,32,NA
"221","BP2","Fmr1-LE_WT","BBN TH","50-300ms",50,1,70,NA,NA,32,NA
"222","BP2","Fmr1-LE_WT","BBN TH","50-300ms",100,1,10,NA,NA,3,30
"223","BP2","Fmr1-LE_WT","BBN TH","50-300ms",100,1,15,NA,NA,6,36
"224","BP2","Fmr1-LE_WT","BBN TH","50-300ms",100,1,20,NA,NA,37,36
"225","BP2","Fmr1-LE_WT","BBN TH","50-300ms",100,1,25,NA,NA,36,6
"226","BP2","Fmr1-LE_WT","BBN TH","50-300ms",100,1,30,NA,NA,72,1
"227","BP2","Fmr1-LE_WT","BBN TH","50-300ms",100,1,35,NA,NA,41,NA
"228","BP2","Fmr1-LE_WT","BBN TH","50-300ms",100,1,40,NA,NA,75,NA
"229","BP2","Fmr1-LE_WT","BBN TH","50-300ms",100,1,45,NA,NA,42,NA
"230","BP2","Fmr1-LE_WT","BBN TH","50-300ms",100,1,50,NA,NA,34,NA
"231","BP2","Fmr1-LE_WT","BBN TH","50-300ms",100,1,60,NA,NA,33,NA
"232","BP2","Fmr1-LE_WT","BBN TH","50-300ms",100,1,70,NA,NA,33,NA
"233","BP2","Fmr1-LE_WT","BBN TH","50-300ms",300,0,-100,563,103,NA,NA
"234","BP2","Fmr1-LE_WT","BBN TH","50-300ms",300,1,10,NA,NA,1,32
"235","BP2","Fmr1-LE_WT","BBN TH","50-300ms",300,1,15,NA,NA,12,29
"236","BP2","Fmr1-LE_WT","BBN TH","50-300ms",300,1,20,NA,NA,56,18
"237","BP2","Fmr1-LE_WT","BBN TH","50-300ms",300,1,25,NA,NA,39,1
"238","BP2","Fmr1-LE_WT","BBN TH","50-300ms",300,1,30,NA,NA,74,NA
"239","BP2","Fmr1-LE_WT","BBN TH","50-300ms",300,1,35,NA,NA,41,NA
"240","BP2","Fmr1-LE_WT","BBN TH","50-300ms",300,1,40,NA,NA,74,NA
"241","BP2","Fmr1-LE_WT","BBN TH","50-300ms",300,1,45,NA,NA,40,NA
"242","BP2","Fmr1-LE_WT","BBN TH","50-300ms",300,1,50,NA,NA,33,NA
"243","BP2","Fmr1-LE_WT","BBN TH","50-300ms",300,1,60,NA,NA,33,NA
"244","BP2","Fmr1-LE_WT","BBN TH","50-300ms",300,1,70,NA,NA,34,NA
"245","BP2","Fmr1-LE_WT","BBN TH","50ms",50,0,-100,609,76,NA,NA
"246","BP2","Fmr1-LE_WT","BBN TH","50ms",50,1,10,NA,NA,9,86
"247","BP2","Fmr1-LE_WT","BBN TH","50ms",50,1,15,NA,NA,22,112
"248","BP2","Fmr1-LE_WT","BBN TH","50ms",50,1,20,NA,NA,90,137
"249","BP2","Fmr1-LE_WT","BBN TH","50ms",50,1,25,NA,NA,98,35
"250","BP2","Fmr1-LE_WT","BBN TH","50ms",50,1,30,NA,NA,211,16
"251","BP2","Fmr1-LE_WT","BBN TH","50ms",50,1,35,NA,NA,130,4
"252","BP2","Fmr1-LE_WT","BBN TH","50ms",50,1,40,NA,NA,227,1
"253","BP2","Fmr1-LE_WT","BBN TH","50ms",50,1,45,NA,NA,134,NA
"254","BP2","Fmr1-LE_WT","BBN TH","50ms",50,1,50,NA,NA,95,NA
"255","BP2","Fmr1-LE_WT","BBN TH","50ms",50,1,60,NA,NA,95,NA
"256","BP2","Fmr1-LE_WT","BBN TH","50ms",50,1,70,NA,NA,94,NA
"257","BP2","Fmr1-LE_WT","ERROR","300ms",300,0,-100,14,9,NA,NA
"258","BP2","Fmr1-LE_WT","ERROR","300ms",300,1,10,NA,NA,2,3
"259","BP2","Fmr1-LE_WT","ERROR","300ms",300,1,20,NA,NA,4,4
"260","BP2","Fmr1-LE_WT","ERROR","300ms",300,1,30,NA,NA,4,5
"261","BP2","Fmr1-LE_WT","ERROR","300ms",300,1,40,NA,NA,5,3
"262","BP2","Fmr1-LE_WT","ERROR","300ms",300,1,50,NA,NA,3,5
"263","BP2","Fmr1-LE_WT","ERROR","300ms",300,1,60,NA,NA,1,7
"264","BP2","Fmr1-LE_WT","ERROR","300ms",300,1,70,NA,NA,4,4
"265","BP2","Fmr1-LE_WT","ERROR","300ms",300,1,80,NA,NA,3,1
"266","BP3","Fmr1-LE_KO","BBN Rotating","100ms",100,0,-100,418,14,NA,NA
"267","BP3","Fmr1-LE_KO","BBN Rotating","100ms",100,1,20,NA,NA,8,136
"268","BP3","Fmr1-LE_KO","BBN Rotating","100ms",100,1,30,NA,NA,125,20
"269","BP3","Fmr1-LE_KO","BBN Rotating","100ms",100,1,40,NA,NA,143,1
"270","BP3","Fmr1-LE_KO","BBN Rotating","100ms",100,1,50,NA,NA,145,NA
"271","BP3","Fmr1-LE_KO","BBN Rotating","100ms",100,1,60,NA,NA,146,NA
"272","BP3","Fmr1-LE_KO","BBN Rotating","100ms",100,1,70,NA,NA,145,NA
"273","BP3","Fmr1-LE_KO","BBN Rotating","100ms",100,1,80,NA,NA,144,NA
"274","BP3","Fmr1-LE_KO","BBN Rotating","300ms",300,0,-100,422,11,NA,NA
"275","BP3","Fmr1-LE_KO","BBN Rotating","300ms",300,1,20,NA,NA,7,138
"276","BP3","Fmr1-LE_KO","BBN Rotating","300ms",300,1,30,NA,NA,135,10
"277","BP3","Fmr1-LE_KO","BBN Rotating","300ms",300,1,40,NA,NA,144,NA
"278","BP3","Fmr1-LE_KO","BBN Rotating","300ms",300,1,50,NA,NA,144,NA
"279","BP3","Fmr1-LE_KO","BBN Rotating","300ms",300,1,60,NA,NA,142,2
"280","BP3","Fmr1-LE_KO","BBN Rotating","300ms",300,1,70,NA,NA,144,NA
"281","BP3","Fmr1-LE_KO","BBN Rotating","300ms",300,1,80,NA,NA,145,NA
"282","BP3","Fmr1-LE_KO","BBN Rotating","50ms",50,0,-100,579,28,NA,NA
"283","BP3","Fmr1-LE_KO","BBN Rotating","50ms",50,1,20,NA,NA,13,190
"284","BP3","Fmr1-LE_KO","BBN Rotating","50ms",50,1,30,NA,NA,151,50
"285","BP3","Fmr1-LE_KO","BBN Rotating","50ms",50,1,40,NA,NA,200,2
"286","BP3","Fmr1-LE_KO","BBN Rotating","50ms",50,1,50,NA,NA,200,1
"287","BP3","Fmr1-LE_KO","BBN Rotating","50ms",50,1,60,NA,NA,203,NA
"288","BP3","Fmr1-LE_KO","BBN Rotating","50ms",50,1,70,NA,NA,203,NA
"289","BP3","Fmr1-LE_KO","BBN Rotating","50ms",50,1,80,NA,NA,202,NA
"290","BP3","Fmr1-LE_KO","BBN Rxn","100ms",100,0,-100,680,66,NA,NA
"291","BP3","Fmr1-LE_KO","BBN Rxn","100ms",100,1,20,NA,NA,28,219
"292","BP3","Fmr1-LE_KO","BBN Rxn","100ms",100,1,30,NA,NA,229,19
"293","BP3","Fmr1-LE_KO","BBN Rxn","100ms",100,1,40,NA,NA,247,2
"294","BP3","Fmr1-LE_KO","BBN Rxn","100ms",100,1,50,NA,NA,243,4
"295","BP3","Fmr1-LE_KO","BBN Rxn","100ms",100,1,60,NA,NA,246,3
"296","BP3","Fmr1-LE_KO","BBN Rxn","100ms",100,1,70,NA,NA,247,NA
"297","BP3","Fmr1-LE_KO","BBN Rxn","100ms",100,1,80,NA,NA,248,NA
"298","BP3","Fmr1-LE_KO","BBN Rxn","300ms",300,0,-100,742,68,NA,NA
"299","BP3","Fmr1-LE_KO","BBN Rxn","300ms",300,1,20,NA,NA,98,173
"300","BP3","Fmr1-LE_KO","BBN Rxn","300ms",300,1,30,NA,NA,232,37
"301","BP3","Fmr1-LE_KO","BBN Rxn","300ms",300,1,40,NA,NA,259,10
"302","BP3","Fmr1-LE_KO","BBN Rxn","300ms",300,1,50,NA,NA,269,2
"303","BP3","Fmr1-LE_KO","BBN Rxn","300ms",300,1,60,NA,NA,263,7
"304","BP3","Fmr1-LE_KO","BBN Rxn","300ms",300,1,70,NA,NA,269,2
"305","BP3","Fmr1-LE_KO","BBN Rxn","300ms",300,1,80,NA,NA,270,NA
"306","BP3","Fmr1-LE_KO","BBN Rxn","50-300ms",50,1,20,NA,NA,11,107
"307","BP3","Fmr1-LE_KO","BBN Rxn","50-300ms",50,1,30,NA,NA,77,44
"308","BP3","Fmr1-LE_KO","BBN Rxn","50-300ms",50,1,40,NA,NA,120,1
"309","BP3","Fmr1-LE_KO","BBN Rxn","50-300ms",50,1,50,NA,NA,120,NA
"310","BP3","Fmr1-LE_KO","BBN Rxn","50-300ms",50,1,60,NA,NA,117,1
"311","BP3","Fmr1-LE_KO","BBN Rxn","50-300ms",50,1,70,NA,NA,119,1
"312","BP3","Fmr1-LE_KO","BBN Rxn","50-300ms",50,1,80,NA,NA,118,1
"313","BP3","Fmr1-LE_KO","BBN Rxn","50-300ms",100,1,20,NA,NA,8,112
"314","BP3","Fmr1-LE_KO","BBN Rxn","50-300ms",100,1,30,NA,NA,106,12
"315","BP3","Fmr1-LE_KO","BBN Rxn","50-300ms",100,1,40,NA,NA,118,NA
"316","BP3","Fmr1-LE_KO","BBN Rxn","50-300ms",100,1,50,NA,NA,118,NA
"317","BP3","Fmr1-LE_KO","BBN Rxn","50-300ms",100,1,60,NA,NA,120,NA
"318","BP3","Fmr1-LE_KO","BBN Rxn","50-300ms",100,1,70,NA,NA,117,1
"319","BP3","Fmr1-LE_KO","BBN Rxn","50-300ms",100,1,80,NA,NA,117,1
"320","BP3","Fmr1-LE_KO","BBN Rxn","50-300ms",300,0,-100,1020,56,NA,NA
"321","BP3","Fmr1-LE_KO","BBN Rxn","50-300ms",300,1,20,NA,NA,19,101
"322","BP3","Fmr1-LE_KO","BBN Rxn","50-300ms",300,1,30,NA,NA,119,1
"323","BP3","Fmr1-LE_KO","BBN Rxn","50-300ms",300,1,40,NA,NA,117,NA
"324","BP3","Fmr1-LE_KO","BBN Rxn","50-300ms",300,1,50,NA,NA,120,NA
"325","BP3","Fmr1-LE_KO","BBN Rxn","50-300ms",300,1,60,NA,NA,118,NA
"326","BP3","Fmr1-LE_KO","BBN Rxn","50-300ms",300,1,70,NA,NA,119,NA
"327","BP3","Fmr1-LE_KO","BBN Rxn","50-300ms",300,1,80,NA,NA,118,1
"328","BP3","Fmr1-LE_KO","BBN Rxn","50ms",50,0,-100,711,38,NA,NA
"329","BP3","Fmr1-LE_KO","BBN Rxn","50ms",50,1,20,NA,NA,15,233
"330","BP3","Fmr1-LE_KO","BBN Rxn","50ms",50,1,30,NA,NA,204,47
"331","BP3","Fmr1-LE_KO","BBN Rxn","50ms",50,1,40,NA,NA,247,3
"332","BP3","Fmr1-LE_KO","BBN Rxn","50ms",50,1,50,NA,NA,251,NA
"333","BP3","Fmr1-LE_KO","BBN Rxn","50ms",50,1,60,NA,NA,251,NA
"334","BP3","Fmr1-LE_KO","BBN Rxn","50ms",50,1,70,NA,NA,250,NA
"335","BP3","Fmr1-LE_KO","BBN Rxn","50ms",50,1,80,NA,NA,250,NA
"336","BP3","Fmr1-LE_KO","BBN TH","100ms",100,0,-100,649,81,NA,NA
"337","BP3","Fmr1-LE_KO","BBN TH","100ms",100,1,10,NA,NA,6,94
"338","BP3","Fmr1-LE_KO","BBN TH","100ms",100,1,15,NA,NA,16,128
"339","BP3","Fmr1-LE_KO","BBN TH","100ms",100,1,20,NA,NA,52,191
"340","BP3","Fmr1-LE_KO","BBN TH","100ms",100,1,25,NA,NA,92,53
"341","BP3","Fmr1-LE_KO","BBN TH","100ms",100,1,30,NA,NA,231,12
"342","BP3","Fmr1-LE_KO","BBN TH","100ms",100,1,35,NA,NA,138,4
"343","BP3","Fmr1-LE_KO","BBN TH","100ms",100,1,40,NA,NA,243,3
"344","BP3","Fmr1-LE_KO","BBN TH","100ms",100,1,45,NA,NA,144,NA
"345","BP3","Fmr1-LE_KO","BBN TH","100ms",100,1,50,NA,NA,99,NA
"346","BP3","Fmr1-LE_KO","BBN TH","100ms",100,1,60,NA,NA,100,NA
"347","BP3","Fmr1-LE_KO","BBN TH","100ms",100,1,70,NA,NA,100,NA
"348","BP3","Fmr1-LE_KO","BBN TH","300ms",300,0,-100,586,97,NA,NA
"349","BP3","Fmr1-LE_KO","BBN TH","300ms",300,1,10,NA,NA,13,77
"350","BP3","Fmr1-LE_KO","BBN TH","300ms",300,1,15,NA,NA,27,110
"351","BP3","Fmr1-LE_KO","BBN TH","300ms",300,1,20,NA,NA,81,147
"352","BP3","Fmr1-LE_KO","BBN TH","300ms",300,1,25,NA,NA,105,32
"353","BP3","Fmr1-LE_KO","BBN TH","300ms",300,1,30,NA,NA,200,28
"354","BP3","Fmr1-LE_KO","BBN TH","300ms",300,1,35,NA,NA,135,3
"355","BP3","Fmr1-LE_KO","BBN TH","300ms",300,1,40,NA,NA,220,8
"356","BP3","Fmr1-LE_KO","BBN TH","300ms",300,1,45,NA,NA,137,1
"357","BP3","Fmr1-LE_KO","BBN TH","300ms",300,1,50,NA,NA,89,1
"358","BP3","Fmr1-LE_KO","BBN TH","300ms",300,1,60,NA,NA,89,2
"359","BP3","Fmr1-LE_KO","BBN TH","300ms",300,1,70,NA,NA,90,1
"360","BP3","Fmr1-LE_KO","BBN TH","50-300ms",50,1,10,NA,NA,4,29
"361","BP3","Fmr1-LE_KO","BBN TH","50-300ms",50,1,15,NA,NA,3,40
"362","BP3","Fmr1-LE_KO","BBN TH","50-300ms",50,1,20,NA,NA,11,64
"363","BP3","Fmr1-LE_KO","BBN TH","50-300ms",50,1,25,NA,NA,16,27
"364","BP3","Fmr1-LE_KO","BBN TH","50-300ms",50,1,30,NA,NA,61,14
"365","BP3","Fmr1-LE_KO","BBN TH","50-300ms",50,1,35,NA,NA,43,NA
"366","BP3","Fmr1-LE_KO","BBN TH","50-300ms",50,1,40,NA,NA,75,NA
"367","BP3","Fmr1-LE_KO","BBN TH","50-300ms",50,1,45,NA,NA,43,NA
"368","BP3","Fmr1-LE_KO","BBN TH","50-300ms",50,1,50,NA,NA,32,NA
"369","BP3","Fmr1-LE_KO","BBN TH","50-300ms",50,1,60,NA,NA,32,NA
"370","BP3","Fmr1-LE_KO","BBN TH","50-300ms",50,1,70,NA,NA,33,NA
"371","BP3","Fmr1-LE_KO","BBN TH","50-300ms",100,1,10,NA,NA,4,28
"372","BP3","Fmr1-LE_KO","BBN TH","50-300ms",100,1,15,NA,NA,3,41
"373","BP3","Fmr1-LE_KO","BBN TH","50-300ms",100,1,20,NA,NA,11,66
"374","BP3","Fmr1-LE_KO","BBN TH","50-300ms",100,1,25,NA,NA,21,22
"375","BP3","Fmr1-LE_KO","BBN TH","50-300ms",100,1,30,NA,NA,72,4
"376","BP3","Fmr1-LE_KO","BBN TH","50-300ms",100,1,35,NA,NA,43,NA
"377","BP3","Fmr1-LE_KO","BBN TH","50-300ms",100,1,40,NA,NA,73,1
"378","BP3","Fmr1-LE_KO","BBN TH","50-300ms",100,1,45,NA,NA,44,NA
"379","BP3","Fmr1-LE_KO","BBN TH","50-300ms",100,1,50,NA,NA,33,NA
"380","BP3","Fmr1-LE_KO","BBN TH","50-300ms",100,1,60,NA,NA,31,1
"381","BP3","Fmr1-LE_KO","BBN TH","50-300ms",100,1,70,NA,NA,33,NA
"382","BP3","Fmr1-LE_KO","BBN TH","50-300ms",300,0,-100,609,75,NA,NA
"383","BP3","Fmr1-LE_KO","BBN TH","50-300ms",300,1,10,NA,NA,3,29
"384","BP3","Fmr1-LE_KO","BBN TH","50-300ms",300,1,15,NA,NA,5,37
"385","BP3","Fmr1-LE_KO","BBN TH","50-300ms",300,1,20,NA,NA,27,48
"386","BP3","Fmr1-LE_KO","BBN TH","50-300ms",300,1,25,NA,NA,41,2
"387","BP3","Fmr1-LE_KO","BBN TH","50-300ms",300,1,30,NA,NA,78,NA
"388","BP3","Fmr1-LE_KO","BBN TH","50-300ms",300,1,35,NA,NA,42,NA
"389","BP3","Fmr1-LE_KO","BBN TH","50-300ms",300,1,40,NA,NA,76,NA
"390","BP3","Fmr1-LE_KO","BBN TH","50-300ms",300,1,45,NA,NA,42,NA
"391","BP3","Fmr1-LE_KO","BBN TH","50-300ms",300,1,50,NA,NA,33,NA
"392","BP3","Fmr1-LE_KO","BBN TH","50-300ms",300,1,60,NA,NA,34,NA
"393","BP3","Fmr1-LE_KO","BBN TH","50-300ms",300,1,70,NA,NA,32,NA
"394","BP3","Fmr1-LE_KO","BBN TH","50ms",50,0,-100,694,73,NA,NA
"395","BP3","Fmr1-LE_KO","BBN TH","50ms",50,1,10,NA,NA,5,98
"396","BP3","Fmr1-LE_KO","BBN TH","50ms",50,1,15,NA,NA,12,140
"397","BP3","Fmr1-LE_KO","BBN TH","50ms",50,1,20,NA,NA,32,226
"398","BP3","Fmr1-LE_KO","BBN TH","50ms",50,1,25,NA,NA,74,77
"399","BP3","Fmr1-LE_KO","BBN TH","50ms",50,1,30,NA,NA,216,40
"400","BP3","Fmr1-LE_KO","BBN TH","50ms",50,1,35,NA,NA,148,4
"401","BP3","Fmr1-LE_KO","BBN TH","50ms",50,1,40,NA,NA,254,3
"402","BP3","Fmr1-LE_KO","BBN TH","50ms",50,1,45,NA,NA,153,NA
"403","BP3","Fmr1-LE_KO","BBN TH","50ms",50,1,50,NA,NA,102,2
"404","BP3","Fmr1-LE_KO","BBN TH","50ms",50,1,60,NA,NA,104,NA
"405","BP3","Fmr1-LE_KO","BBN TH","50ms",50,1,70,NA,NA,104,NA
"406","BP4","Fmr1-LE_WT","BBN Rxn","100ms",100,0,-100,819,138,NA,NA
"407","BP4","Fmr1-LE_WT","BBN Rxn","100ms",100,1,20,NA,NA,159,160
"408","BP4","Fmr1-LE_WT","BBN Rxn","100ms",100,1,30,NA,NA,311,7
"409","BP4","Fmr1-LE_WT","BBN Rxn","100ms",100,1,40,NA,NA,316,2
"410","BP4","Fmr1-LE_WT","BBN Rxn","100ms",100,1,50,NA,NA,317,4
"411","BP4","Fmr1-LE_WT","BBN Rxn","100ms",100,1,60,NA,NA,317,1
"412","BP4","Fmr1-LE_WT","BBN Rxn","100ms",100,1,70,NA,NA,317,2
"413","BP4","Fmr1-LE_WT","BBN Rxn","100ms",100,1,80,NA,NA,318,1
"414","BP4","Fmr1-LE_WT","BBN Rxn","300ms",300,0,-100,573,79,NA,NA
"415","BP4","Fmr1-LE_WT","BBN Rxn","300ms",300,1,20,NA,NA,171,46
"416","BP4","Fmr1-LE_WT","BBN Rxn","300ms",300,1,30,NA,NA,216,NA
"417","BP4","Fmr1-LE_WT","BBN Rxn","300ms",300,1,40,NA,NA,215,1
"418","BP4","Fmr1-LE_WT","BBN Rxn","300ms",300,1,50,NA,NA,214,1
"419","BP4","Fmr1-LE_WT","BBN Rxn","300ms",300,1,60,NA,NA,217,NA
"420","BP4","Fmr1-LE_WT","BBN Rxn","300ms",300,1,70,NA,NA,216,NA
"421","BP4","Fmr1-LE_WT","BBN Rxn","300ms",300,1,80,NA,NA,218,NA
"422","BP4","Fmr1-LE_WT","BBN Rxn","50-300ms",50,1,20,NA,NA,59,124
"423","BP4","Fmr1-LE_WT","BBN Rxn","50-300ms",50,1,30,NA,NA,173,9
"424","BP4","Fmr1-LE_WT","BBN Rxn","50-300ms",50,1,40,NA,NA,184,NA
"425","BP4","Fmr1-LE_WT","BBN Rxn","50-300ms",50,1,50,NA,NA,182,NA
"426","BP4","Fmr1-LE_WT","BBN Rxn","50-300ms",50,1,60,NA,NA,183,NA
"427","BP4","Fmr1-LE_WT","BBN Rxn","50-300ms",50,1,70,NA,NA,185,NA
"428","BP4","Fmr1-LE_WT","BBN Rxn","50-300ms",50,1,80,NA,NA,183,NA
"429","BP4","Fmr1-LE_WT","BBN Rxn","50-300ms",100,1,20,NA,NA,75,107
"430","BP4","Fmr1-LE_WT","BBN Rxn","50-300ms",100,1,30,NA,NA,181,5
"431","BP4","Fmr1-LE_WT","BBN Rxn","50-300ms",100,1,40,NA,NA,182,NA
"432","BP4","Fmr1-LE_WT","BBN Rxn","50-300ms",100,1,50,NA,NA,182,NA
"433","BP4","Fmr1-LE_WT","BBN Rxn","50-300ms",100,1,60,NA,NA,182,NA
"434","BP4","Fmr1-LE_WT","BBN Rxn","50-300ms",100,1,70,NA,NA,183,NA
"435","BP4","Fmr1-LE_WT","BBN Rxn","50-300ms",100,1,80,NA,NA,184,NA
"436","BP4","Fmr1-LE_WT","BBN Rxn","50-300ms",300,0,-100,1233,416,NA,NA
"437","BP4","Fmr1-LE_WT","BBN Rxn","50-300ms",300,1,20,NA,NA,129,54
"438","BP4","Fmr1-LE_WT","BBN Rxn","50-300ms",300,1,30,NA,NA,184,NA
"439","BP4","Fmr1-LE_WT","BBN Rxn","50-300ms",300,1,40,NA,NA,182,NA
"440","BP4","Fmr1-LE_WT","BBN Rxn","50-300ms",300,1,50,NA,NA,183,NA
"441","BP4","Fmr1-LE_WT","BBN Rxn","50-300ms",300,1,60,NA,NA,185,NA
"442","BP4","Fmr1-LE_WT","BBN Rxn","50-300ms",300,1,70,NA,NA,185,NA
"443","BP4","Fmr1-LE_WT","BBN Rxn","50-300ms",300,1,80,NA,NA,186,NA
"444","BP4","Fmr1-LE_WT","BBN Rxn","50ms",50,0,-100,978,263,NA,NA
"445","BP4","Fmr1-LE_WT","BBN Rxn","50ms",50,1,20,NA,NA,110,301
"446","BP4","Fmr1-LE_WT","BBN Rxn","50ms",50,1,30,NA,NA,399,18
"447","BP4","Fmr1-LE_WT","BBN Rxn","50ms",50,1,40,NA,NA,413,1
"448","BP4","Fmr1-LE_WT","BBN Rxn","50ms",50,1,50,NA,NA,413,NA
"449","BP4","Fmr1-LE_WT","BBN Rxn","50ms",50,1,60,NA,NA,417,NA
"450","BP4","Fmr1-LE_WT","BBN Rxn","50ms",50,1,70,NA,NA,413,NA
"451","BP4","Fmr1-LE_WT","BBN Rxn","50ms",50,1,80,NA,NA,414,NA
"452","BP4","Fmr1-LE_WT","BBN TH","100ms",100,0,-100,636,187,NA,NA
"453","BP4","Fmr1-LE_WT","BBN TH","100ms",100,1,10,NA,NA,27,117
"454","BP4","Fmr1-LE_WT","BBN TH","100ms",100,1,15,NA,NA,35,94
"455","BP4","Fmr1-LE_WT","BBN TH","100ms",100,1,20,NA,NA,175,99
"456","BP4","Fmr1-LE_WT","BBN TH","100ms",100,1,25,NA,NA,118,11
"457","BP4","Fmr1-LE_WT","BBN TH","100ms",100,1,30,NA,NA,267,5
"458","BP4","Fmr1-LE_WT","BBN TH","100ms",100,1,35,NA,NA,128,1
"459","BP4","Fmr1-LE_WT","BBN TH","100ms",100,1,40,NA,NA,275,NA
"460","BP4","Fmr1-LE_WT","BBN TH","100ms",100,1,45,NA,NA,129,NA
"461","BP4","Fmr1-LE_WT","BBN TH","100ms",100,1,50,NA,NA,145,NA
"462","BP4","Fmr1-LE_WT","BBN TH","100ms",100,1,60,NA,NA,144,NA
"463","BP4","Fmr1-LE_WT","BBN TH","100ms",100,1,70,NA,NA,146,NA
"464","BP4","Fmr1-LE_WT","BBN TH","300ms",300,0,-100,493,127,NA,NA
"465","BP4","Fmr1-LE_WT","BBN TH","300ms",300,1,10,NA,NA,20,62
"466","BP4","Fmr1-LE_WT","BBN TH","300ms",300,1,15,NA,NA,40,85
"467","BP4","Fmr1-LE_WT","BBN TH","300ms",300,1,20,NA,NA,173,35
"468","BP4","Fmr1-LE_WT","BBN TH","300ms",300,1,25,NA,NA,125,1
"469","BP4","Fmr1-LE_WT","BBN TH","300ms",300,1,30,NA,NA,207,NA
"470","BP4","Fmr1-LE_WT","BBN TH","300ms",300,1,35,NA,NA,124,1
"471","BP4","Fmr1-LE_WT","BBN TH","300ms",300,1,40,NA,NA,208,NA
"472","BP4","Fmr1-LE_WT","BBN TH","300ms",300,1,45,NA,NA,125,NA
"473","BP4","Fmr1-LE_WT","BBN TH","300ms",300,1,50,NA,NA,83,NA
"474","BP4","Fmr1-LE_WT","BBN TH","300ms",300,1,60,NA,NA,83,NA
"475","BP4","Fmr1-LE_WT","BBN TH","300ms",300,1,70,NA,NA,82,NA
"476","BP4","Fmr1-LE_WT","BBN TH","50-300ms",50,1,10,NA,NA,5,24
"477","BP4","Fmr1-LE_WT","BBN TH","50-300ms",50,1,15,NA,NA,18,20
"478","BP4","Fmr1-LE_WT","BBN TH","50-300ms",50,1,20,NA,NA,31,36
"479","BP4","Fmr1-LE_WT","BBN TH","50-300ms",50,1,25,NA,NA,35,4
"480","BP4","Fmr1-LE_WT","BBN TH","50-300ms",50,1,30,NA,NA,65,2
"481","BP4","Fmr1-LE_WT","BBN TH","50-300ms",50,1,35,NA,NA,38,NA
"482","BP4","Fmr1-LE_WT","BBN TH","50-300ms",50,1,40,NA,NA,69,NA
"483","BP4","Fmr1-LE_WT","BBN TH","50-300ms",50,1,45,NA,NA,37,NA
"484","BP4","Fmr1-LE_WT","BBN TH","50-300ms",50,1,50,NA,NA,29,NA
"485","BP4","Fmr1-LE_WT","BBN TH","50-300ms",50,1,60,NA,NA,30,NA
"486","BP4","Fmr1-LE_WT","BBN TH","50-300ms",50,1,70,NA,NA,29,NA
"487","BP4","Fmr1-LE_WT","BBN TH","50-300ms",100,1,10,NA,NA,9,21
"488","BP4","Fmr1-LE_WT","BBN TH","50-300ms",100,1,15,NA,NA,17,21
"489","BP4","Fmr1-LE_WT","BBN TH","50-300ms",100,1,20,NA,NA,33,36
"490","BP4","Fmr1-LE_WT","BBN TH","50-300ms",100,1,25,NA,NA,36,3
"491","BP4","Fmr1-LE_WT","BBN TH","50-300ms",100,1,30,NA,NA,67,NA
"492","BP4","Fmr1-LE_WT","BBN TH","50-300ms",100,1,35,NA,NA,37,NA
"493","BP4","Fmr1-LE_WT","BBN TH","50-300ms",100,1,40,NA,NA,69,NA
"494","BP4","Fmr1-LE_WT","BBN TH","50-300ms",100,1,45,NA,NA,39,NA
"495","BP4","Fmr1-LE_WT","BBN TH","50-300ms",100,1,50,NA,NA,30,NA
"496","BP4","Fmr1-LE_WT","BBN TH","50-300ms",100,1,60,NA,NA,29,NA
"497","BP4","Fmr1-LE_WT","BBN TH","50-300ms",100,1,70,NA,NA,29,NA
"498","BP4","Fmr1-LE_WT","BBN TH","50-300ms",300,0,-100,398,211,NA,NA
"499","BP4","Fmr1-LE_WT","BBN TH","50-300ms",300,1,10,NA,NA,10,20
"500","BP4","Fmr1-LE_WT","BBN TH","50-300ms",300,1,15,NA,NA,19,20
"501","BP4","Fmr1-LE_WT","BBN TH","50-300ms",300,1,20,NA,NA,59,10
"502","BP4","Fmr1-LE_WT","BBN TH","50-300ms",300,1,25,NA,NA,39,NA
"503","BP4","Fmr1-LE_WT","BBN TH","50-300ms",300,1,30,NA,NA,68,NA
"504","BP4","Fmr1-LE_WT","BBN TH","50-300ms",300,1,35,NA,NA,38,NA
"505","BP4","Fmr1-LE_WT","BBN TH","50-300ms",300,1,40,NA,NA,68,NA
"506","BP4","Fmr1-LE_WT","BBN TH","50-300ms",300,1,45,NA,NA,38,NA
"507","BP4","Fmr1-LE_WT","BBN TH","50-300ms",300,1,50,NA,NA,30,NA
"508","BP4","Fmr1-LE_WT","BBN TH","50-300ms",300,1,60,NA,NA,30,NA
"509","BP4","Fmr1-LE_WT","BBN TH","50-300ms",300,1,70,NA,NA,29,NA
"510","BP4","Fmr1-LE_WT","BBN TH","50ms",50,0,-100,295,180,NA,NA
"511","BP4","Fmr1-LE_WT","BBN TH","50ms",50,1,10,NA,NA,27,62
"512","BP4","Fmr1-LE_WT","BBN TH","50ms",50,1,15,NA,NA,25,44
"513","BP4","Fmr1-LE_WT","BBN TH","50ms",50,1,20,NA,NA,74,83
"514","BP4","Fmr1-LE_WT","BBN TH","50ms",50,1,25,NA,NA,45,24
"515","BP4","Fmr1-LE_WT","BBN TH","50ms",50,1,30,NA,NA,153,6
"516","BP4","Fmr1-LE_WT","BBN TH","50ms",50,1,35,NA,NA,69,NA
"517","BP4","Fmr1-LE_WT","BBN TH","50ms",50,1,40,NA,NA,159,NA
"518","BP4","Fmr1-LE_WT","BBN TH","50ms",50,1,45,NA,NA,69,NA
"519","BP4","Fmr1-LE_WT","BBN TH","50ms",50,1,50,NA,NA,88,NA
"520","BP4","Fmr1-LE_WT","BBN TH","50ms",50,1,60,NA,NA,89,NA
"521","BP4","Fmr1-LE_WT","BBN TH","50ms",50,1,70,NA,NA,90,NA
"522","BP5","Fmr1-LE_KO","BBN Rotating","100ms",100,0,-100,492,24,NA,NA
"523","BP5","Fmr1-LE_KO","BBN Rotating","100ms",100,1,20,NA,NA,10,162
"524","BP5","Fmr1-LE_KO","BBN Rotating","100ms",100,1,30,NA,NA,135,38
"525","BP5","Fmr1-LE_KO","BBN Rotating","100ms",100,1,40,NA,NA,170,3
"526","BP5","Fmr1-LE_KO","BBN Rotating","100ms",100,1,50,NA,NA,169,2
"527","BP5","Fmr1-LE_KO","BBN Rotating","100ms",100,1,60,NA,NA,171,2
"528","BP5","Fmr1-LE_KO","BBN Rotating","100ms",100,1,70,NA,NA,172,NA
"529","BP5","Fmr1-LE_KO","BBN Rotating","100ms",100,1,80,NA,NA,172,NA
"530","BP5","Fmr1-LE_KO","BBN Rotating","300ms",300,0,-100,513,14,NA,NA
"531","BP5","Fmr1-LE_KO","BBN Rotating","300ms",300,1,20,NA,NA,22,153
"532","BP5","Fmr1-LE_KO","BBN Rotating","300ms",300,1,30,NA,NA,170,5
"533","BP5","Fmr1-LE_KO","BBN Rotating","300ms",300,1,40,NA,NA,176,NA
"534","BP5","Fmr1-LE_KO","BBN Rotating","300ms",300,1,50,NA,NA,176,NA
"535","BP5","Fmr1-LE_KO","BBN Rotating","300ms",300,1,60,NA,NA,176,NA
"536","BP5","Fmr1-LE_KO","BBN Rotating","300ms",300,1,70,NA,NA,174,1
"537","BP5","Fmr1-LE_KO","BBN Rotating","300ms",300,1,80,NA,NA,177,NA
"538","BP5","Fmr1-LE_KO","BBN Rotating","50ms",50,0,-100,558,67,NA,NA
"539","BP5","Fmr1-LE_KO","BBN Rotating","50ms",50,1,20,NA,NA,28,181
"540","BP5","Fmr1-LE_KO","BBN Rotating","50ms",50,1,30,NA,NA,171,38
"541","BP5","Fmr1-LE_KO","BBN Rotating","50ms",50,1,40,NA,NA,204,5
"542","BP5","Fmr1-LE_KO","BBN Rotating","50ms",50,1,50,NA,NA,208,1
"543","BP5","Fmr1-LE_KO","BBN Rotating","50ms",50,1,60,NA,NA,208,2
"544","BP5","Fmr1-LE_KO","BBN Rotating","50ms",50,1,70,NA,NA,209,NA
"545","BP5","Fmr1-LE_KO","BBN Rotating","50ms",50,1,80,NA,NA,210,NA
"546","BP5","Fmr1-LE_KO","BBN Rxn","100ms",100,0,-100,697,85,NA,NA
"547","BP5","Fmr1-LE_KO","BBN Rxn","100ms",100,1,20,NA,NA,31,228
"548","BP5","Fmr1-LE_KO","BBN Rxn","100ms",100,1,30,NA,NA,189,71
"549","BP5","Fmr1-LE_KO","BBN Rxn","100ms",100,1,40,NA,NA,258,4
"550","BP5","Fmr1-LE_KO","BBN Rxn","100ms",100,1,50,NA,NA,259,1
"551","BP5","Fmr1-LE_KO","BBN Rxn","100ms",100,1,60,NA,NA,260,1
"552","BP5","Fmr1-LE_KO","BBN Rxn","100ms",100,1,70,NA,NA,257,1
"553","BP5","Fmr1-LE_KO","BBN Rxn","100ms",100,1,80,NA,NA,260,NA
"554","BP5","Fmr1-LE_KO","BBN Rxn","300ms",300,0,-100,849,111,NA,NA
"555","BP5","Fmr1-LE_KO","BBN Rxn","300ms",300,1,20,NA,NA,86,237
"556","BP5","Fmr1-LE_KO","BBN Rxn","300ms",300,1,30,NA,NA,280,42
"557","BP5","Fmr1-LE_KO","BBN Rxn","300ms",300,1,40,NA,NA,315,6
"558","BP5","Fmr1-LE_KO","BBN Rxn","300ms",300,1,50,NA,NA,317,4
"559","BP5","Fmr1-LE_KO","BBN Rxn","300ms",300,1,60,NA,NA,315,7
"560","BP5","Fmr1-LE_KO","BBN Rxn","300ms",300,1,70,NA,NA,318,4
"561","BP5","Fmr1-LE_KO","BBN Rxn","300ms",300,1,80,NA,NA,318,1
"562","BP5","Fmr1-LE_KO","BBN Rxn","50-300ms",50,1,20,NA,NA,6,116
"563","BP5","Fmr1-LE_KO","BBN Rxn","50-300ms",50,1,30,NA,NA,78,44
"564","BP5","Fmr1-LE_KO","BBN Rxn","50-300ms",50,1,40,NA,NA,111,9
"565","BP5","Fmr1-LE_KO","BBN Rxn","50-300ms",50,1,50,NA,NA,118,2
"566","BP5","Fmr1-LE_KO","BBN Rxn","50-300ms",50,1,60,NA,NA,119,1
"567","BP5","Fmr1-LE_KO","BBN Rxn","50-300ms",50,1,70,NA,NA,121,1
"568","BP5","Fmr1-LE_KO","BBN Rxn","50-300ms",50,1,80,NA,NA,122,NA
"569","BP5","Fmr1-LE_KO","BBN Rxn","50-300ms",100,1,20,NA,NA,11,110
"570","BP5","Fmr1-LE_KO","BBN Rxn","50-300ms",100,1,30,NA,NA,105,16
"571","BP5","Fmr1-LE_KO","BBN Rxn","50-300ms",100,1,40,NA,NA,119,3
"572","BP5","Fmr1-LE_KO","BBN Rxn","50-300ms",100,1,50,NA,NA,118,2
"573","BP5","Fmr1-LE_KO","BBN Rxn","50-300ms",100,1,60,NA,NA,123,NA
"574","BP5","Fmr1-LE_KO","BBN Rxn","50-300ms",100,1,70,NA,NA,122,NA
"575","BP5","Fmr1-LE_KO","BBN Rxn","50-300ms",100,1,80,NA,NA,122,NA
"576","BP5","Fmr1-LE_KO","BBN Rxn","50-300ms",300,0,-100,1031,64,NA,NA
"577","BP5","Fmr1-LE_KO","BBN Rxn","50-300ms",300,1,20,NA,NA,22,100
"578","BP5","Fmr1-LE_KO","BBN Rxn","50-300ms",300,1,30,NA,NA,119,4
"579","BP5","Fmr1-LE_KO","BBN Rxn","50-300ms",300,1,40,NA,NA,121,NA
"580","BP5","Fmr1-LE_KO","BBN Rxn","50-300ms",300,1,50,NA,NA,120,NA
"581","BP5","Fmr1-LE_KO","BBN Rxn","50-300ms",300,1,60,NA,NA,122,NA
"582","BP5","Fmr1-LE_KO","BBN Rxn","50-300ms",300,1,70,NA,NA,120,NA
"583","BP5","Fmr1-LE_KO","BBN Rxn","50-300ms",300,1,80,NA,NA,121,NA
"584","BP5","Fmr1-LE_KO","BBN Rxn","50ms",50,0,-100,701,53,NA,NA
"585","BP5","Fmr1-LE_KO","BBN Rxn","50ms",50,1,20,NA,NA,14,237
"586","BP5","Fmr1-LE_KO","BBN Rxn","50ms",50,1,30,NA,NA,146,105
"587","BP5","Fmr1-LE_KO","BBN Rxn","50ms",50,1,40,NA,NA,239,11
"588","BP5","Fmr1-LE_KO","BBN Rxn","50ms",50,1,50,NA,NA,246,4
"589","BP5","Fmr1-LE_KO","BBN Rxn","50ms",50,1,60,NA,NA,250,2
"590","BP5","Fmr1-LE_KO","BBN Rxn","50ms",50,1,70,NA,NA,249,3
"591","BP5","Fmr1-LE_KO","BBN Rxn","50ms",50,1,80,NA,NA,251,1
"592","BP5","Fmr1-LE_KO","BBN TH","100ms",100,0,-100,459,114,NA,NA
"593","BP5","Fmr1-LE_KO","BBN TH","100ms",100,1,10,NA,NA,14,83
"594","BP5","Fmr1-LE_KO","BBN TH","100ms",100,1,15,NA,NA,20,72
"595","BP5","Fmr1-LE_KO","BBN TH","100ms",100,1,20,NA,NA,32,158
"596","BP5","Fmr1-LE_KO","BBN TH","100ms",100,1,25,NA,NA,35,58
"597","BP5","Fmr1-LE_KO","BBN TH","100ms",100,1,30,NA,NA,142,49
"598","BP5","Fmr1-LE_KO","BBN TH","100ms",100,1,35,NA,NA,88,5
"599","BP5","Fmr1-LE_KO","BBN TH","100ms",100,1,40,NA,NA,188,3
"600","BP5","Fmr1-LE_KO","BBN TH","100ms",100,1,45,NA,NA,94,NA
"601","BP5","Fmr1-LE_KO","BBN TH","100ms",100,1,50,NA,NA,98,NA
"602","BP5","Fmr1-LE_KO","BBN TH","100ms",100,1,60,NA,NA,97,NA
"603","BP5","Fmr1-LE_KO","BBN TH","100ms",100,1,70,NA,NA,97,NA
"604","BP5","Fmr1-LE_KO","BBN TH","300ms",300,0,-100,612,239,NA,NA
"605","BP5","Fmr1-LE_KO","BBN TH","300ms",300,1,10,NA,NA,38,80
"606","BP5","Fmr1-LE_KO","BBN TH","300ms",300,1,15,NA,NA,43,121
"607","BP5","Fmr1-LE_KO","BBN TH","300ms",300,1,20,NA,NA,105,177
"608","BP5","Fmr1-LE_KO","BBN TH","300ms",300,1,25,NA,NA,115,51
"609","BP5","Fmr1-LE_KO","BBN TH","300ms",300,1,30,NA,NA,249,34
"610","BP5","Fmr1-LE_KO","BBN TH","300ms",300,1,35,NA,NA,157,8
"611","BP5","Fmr1-LE_KO","BBN TH","300ms",300,1,40,NA,NA,274,10
"612","BP5","Fmr1-LE_KO","BBN TH","300ms",300,1,45,NA,NA,165,NA
"613","BP5","Fmr1-LE_KO","BBN TH","300ms",300,1,50,NA,NA,106,13
"614","BP5","Fmr1-LE_KO","BBN TH","300ms",300,1,60,NA,NA,107,11
"615","BP5","Fmr1-LE_KO","BBN TH","300ms",300,1,70,NA,NA,103,14
"616","BP5","Fmr1-LE_KO","BBN TH","50-300ms",50,1,10,NA,NA,2,35
"617","BP5","Fmr1-LE_KO","BBN TH","50-300ms",50,1,15,NA,NA,5,43
"618","BP5","Fmr1-LE_KO","BBN TH","50-300ms",50,1,20,NA,NA,10,75
"619","BP5","Fmr1-LE_KO","BBN TH","50-300ms",50,1,25,NA,NA,15,34
"620","BP5","Fmr1-LE_KO","BBN TH","50-300ms",50,1,30,NA,NA,55,30
"621","BP5","Fmr1-LE_KO","BBN TH","50-300ms",50,1,35,NA,NA,47,1
"622","BP5","Fmr1-LE_KO","BBN TH","50-300ms",50,1,40,NA,NA,85,NA
"623","BP5","Fmr1-LE_KO","BBN TH","50-300ms",50,1,45,NA,NA,48,NA
"624","BP5","Fmr1-LE_KO","BBN TH","50-300ms",50,1,50,NA,NA,36,NA
"625","BP5","Fmr1-LE_KO","BBN TH","50-300ms",50,1,60,NA,NA,37,NA
"626","BP5","Fmr1-LE_KO","BBN TH","50-300ms",50,1,70,NA,NA,36,1
"627","BP5","Fmr1-LE_KO","BBN TH","50-300ms",100,1,10,NA,NA,2,35
"628","BP5","Fmr1-LE_KO","BBN TH","50-300ms",100,1,15,NA,NA,9,39
"629","BP5","Fmr1-LE_KO","BBN TH","50-300ms",100,1,20,NA,NA,8,77
"630","BP5","Fmr1-LE_KO","BBN TH","50-300ms",100,1,25,NA,NA,27,22
"631","BP5","Fmr1-LE_KO","BBN TH","50-300ms",100,1,30,NA,NA,74,11
"632","BP5","Fmr1-LE_KO","BBN TH","50-300ms",100,1,35,NA,NA,48,1
"633","BP5","Fmr1-LE_KO","BBN TH","50-300ms",100,1,40,NA,NA,85,1
"634","BP5","Fmr1-LE_KO","BBN TH","50-300ms",100,1,45,NA,NA,49,NA
"635","BP5","Fmr1-LE_KO","BBN TH","50-300ms",100,1,50,NA,NA,36,NA
"636","BP5","Fmr1-LE_KO","BBN TH","50-300ms",100,1,60,NA,NA,37,NA
"637","BP5","Fmr1-LE_KO","BBN TH","50-300ms",100,1,70,NA,NA,37,NA
"638","BP5","Fmr1-LE_KO","BBN TH","50-300ms",300,0,-100,674,91,NA,NA
"639","BP5","Fmr1-LE_KO","BBN TH","50-300ms",300,1,10,NA,NA,7,29
"640","BP5","Fmr1-LE_KO","BBN TH","50-300ms",300,1,15,NA,NA,9,40
"641","BP5","Fmr1-LE_KO","BBN TH","50-300ms",300,1,20,NA,NA,17,69
"642","BP5","Fmr1-LE_KO","BBN TH","50-300ms",300,1,25,NA,NA,41,7
"643","BP5","Fmr1-LE_KO","BBN TH","50-300ms",300,1,30,NA,NA,86,1
"644","BP5","Fmr1-LE_KO","BBN TH","50-300ms",300,1,35,NA,NA,48,NA
"645","BP5","Fmr1-LE_KO","BBN TH","50-300ms",300,1,40,NA,NA,88,NA
"646","BP5","Fmr1-LE_KO","BBN TH","50-300ms",300,1,45,NA,NA,48,NA
"647","BP5","Fmr1-LE_KO","BBN TH","50-300ms",300,1,50,NA,NA,37,NA
"648","BP5","Fmr1-LE_KO","BBN TH","50-300ms",300,1,60,NA,NA,37,NA
"649","BP5","Fmr1-LE_KO","BBN TH","50-300ms",300,1,70,NA,NA,37,NA
"650","BP5","Fmr1-LE_KO","BBN TH","50ms",50,0,-100,673,83,NA,NA
"651","BP5","Fmr1-LE_KO","BBN TH","50ms",50,1,10,NA,NA,9,97
"652","BP5","Fmr1-LE_KO","BBN TH","50ms",50,1,15,NA,NA,16,131
"653","BP5","Fmr1-LE_KO","BBN TH","50ms",50,1,20,NA,NA,35,218
"654","BP5","Fmr1-LE_KO","BBN TH","50ms",50,1,25,NA,NA,51,95
"655","BP5","Fmr1-LE_KO","BBN TH","50ms",50,1,30,NA,NA,181,70
"656","BP5","Fmr1-LE_KO","BBN TH","50ms",50,1,35,NA,NA,140,7
"657","BP5","Fmr1-LE_KO","BBN TH","50ms",50,1,40,NA,NA,246,8
"658","BP5","Fmr1-LE_KO","BBN TH","50ms",50,1,45,NA,NA,147,NA
"659","BP5","Fmr1-LE_KO","BBN TH","50ms",50,1,50,NA,NA,102,4
"660","BP5","Fmr1-LE_KO","BBN TH","50ms",50,1,60,NA,NA,104,1
"661","BP5","Fmr1-LE_KO","BBN TH","50ms",50,1,70,NA,NA,106,NA
"662","BP6","Fmr1-LE_WT","BBN Rotating","100ms",100,0,-100,405,67,NA,NA
"663","BP6","Fmr1-LE_WT","BBN Rotating","100ms",100,1,20,NA,NA,83,74
"664","BP6","Fmr1-LE_WT","BBN Rotating","100ms",100,1,30,NA,NA,149,8
"665","BP6","Fmr1-LE_WT","BBN Rotating","100ms",100,1,40,NA,NA,153,4
"666","BP6","Fmr1-LE_WT","BBN Rotating","100ms",100,1,50,NA,NA,158,NA
"667","BP6","Fmr1-LE_WT","BBN Rotating","100ms",100,1,60,NA,NA,157,NA
"668","BP6","Fmr1-LE_WT","BBN Rotating","100ms",100,1,70,NA,NA,155,NA
"669","BP6","Fmr1-LE_WT","BBN Rotating","100ms",100,1,80,NA,NA,156,NA
"670","BP6","Fmr1-LE_WT","BBN Rotating","300ms",300,0,-100,441,63,NA,NA
"671","BP6","Fmr1-LE_WT","BBN Rotating","300ms",300,1,20,NA,NA,106,63
"672","BP6","Fmr1-LE_WT","BBN Rotating","300ms",300,1,30,NA,NA,168,NA
"673","BP6","Fmr1-LE_WT","BBN Rotating","300ms",300,1,40,NA,NA,168,NA
"674","BP6","Fmr1-LE_WT","BBN Rotating","300ms",300,1,50,NA,NA,167,NA
"675","BP6","Fmr1-LE_WT","BBN Rotating","300ms",300,1,60,NA,NA,169,NA
"676","BP6","Fmr1-LE_WT","BBN Rotating","300ms",300,1,70,NA,NA,168,NA
"677","BP6","Fmr1-LE_WT","BBN Rotating","300ms",300,1,80,NA,NA,169,NA
"678","BP6","Fmr1-LE_WT","BBN Rotating","50ms",50,0,-100,439,95,NA,NA
"679","BP6","Fmr1-LE_WT","BBN Rotating","50ms",50,1,20,NA,NA,76,103
"680","BP6","Fmr1-LE_WT","BBN Rotating","50ms",50,1,30,NA,NA,162,16
"681","BP6","Fmr1-LE_WT","BBN Rotating","50ms",50,1,40,NA,NA,176,2
"682","BP6","Fmr1-LE_WT","BBN Rotating","50ms",50,1,50,NA,NA,176,1
"683","BP6","Fmr1-LE_WT","BBN Rotating","50ms",50,1,60,NA,NA,177,NA
"684","BP6","Fmr1-LE_WT","BBN Rotating","50ms",50,1,70,NA,NA,177,NA
"685","BP6","Fmr1-LE_WT","BBN Rotating","50ms",50,1,80,NA,NA,177,NA
"686","BP6","Fmr1-LE_WT","BBN Rxn","100ms",100,0,-100,782,243,NA,NA
"687","BP6","Fmr1-LE_WT","BBN Rxn","100ms",100,1,20,NA,NA,157,185
"688","BP6","Fmr1-LE_WT","BBN Rxn","100ms",100,1,30,NA,NA,335,7
"689","BP6","Fmr1-LE_WT","BBN Rxn","100ms",100,1,40,NA,NA,341,1
"690","BP6","Fmr1-LE_WT","BBN Rxn","100ms",100,1,50,NA,NA,341,2
"691","BP6","Fmr1-LE_WT","BBN Rxn","100ms",100,1,60,NA,NA,340,NA
"692","BP6","Fmr1-LE_WT","BBN Rxn","100ms",100,1,70,NA,NA,341,NA
"693","BP6","Fmr1-LE_WT","BBN Rxn","100ms",100,1,80,NA,NA,341,NA
"694","BP6","Fmr1-LE_WT","BBN Rxn","300ms",300,0,-100,566,102,NA,NA
"695","BP6","Fmr1-LE_WT","BBN Rxn","300ms",300,1,20,NA,NA,170,51
"696","BP6","Fmr1-LE_WT","BBN Rxn","300ms",300,1,30,NA,NA,224,NA
"697","BP6","Fmr1-LE_WT","BBN Rxn","300ms",300,1,40,NA,NA,223,NA
"698","BP6","Fmr1-LE_WT","BBN Rxn","300ms",300,1,50,NA,NA,222,NA
"699","BP6","Fmr1-LE_WT","BBN Rxn","300ms",300,1,60,NA,NA,222,NA
"700","BP6","Fmr1-LE_WT","BBN Rxn","300ms",300,1,70,NA,NA,221,1
"701","BP6","Fmr1-LE_WT","BBN Rxn","300ms",300,1,80,NA,NA,224,NA
"702","BP6","Fmr1-LE_WT","BBN Rxn","50-300ms",50,1,20,NA,NA,21,20
"703","BP6","Fmr1-LE_WT","BBN Rxn","50-300ms",50,1,30,NA,NA,38,1
"704","BP6","Fmr1-LE_WT","BBN Rxn","50-300ms",50,1,40,NA,NA,39,1
"705","BP6","Fmr1-LE_WT","BBN Rxn","50-300ms",50,1,50,NA,NA,38,1
"706","BP6","Fmr1-LE_WT","BBN Rxn","50-300ms",50,1,60,NA,NA,40,NA
"707","BP6","Fmr1-LE_WT","BBN Rxn","50-300ms",50,1,70,NA,NA,40,NA
"708","BP6","Fmr1-LE_WT","BBN Rxn","50-300ms",50,1,80,NA,NA,40,NA
"709","BP6","Fmr1-LE_WT","BBN Rxn","50-300ms",100,1,20,NA,NA,20,20
"710","BP6","Fmr1-LE_WT","BBN Rxn","50-300ms",100,1,30,NA,NA,39,1
"711","BP6","Fmr1-LE_WT","BBN Rxn","50-300ms",100,1,40,NA,NA,42,NA
"712","BP6","Fmr1-LE_WT","BBN Rxn","50-300ms",100,1,50,NA,NA,41,NA
"713","BP6","Fmr1-LE_WT","BBN Rxn","50-300ms",100,1,60,NA,NA,41,NA
"714","BP6","Fmr1-LE_WT","BBN Rxn","50-300ms",100,1,70,NA,NA,40,NA
"715","BP6","Fmr1-LE_WT","BBN Rxn","50-300ms",100,1,80,NA,NA,41,NA
"716","BP6","Fmr1-LE_WT","BBN Rxn","50-300ms",300,0,-100,319,44,NA,NA
"717","BP6","Fmr1-LE_WT","BBN Rxn","50-300ms",300,1,20,NA,NA,28,13
"718","BP6","Fmr1-LE_WT","BBN Rxn","50-300ms",300,1,30,NA,NA,42,NA
"719","BP6","Fmr1-LE_WT","BBN Rxn","50-300ms",300,1,40,NA,NA,40,NA
"720","BP6","Fmr1-LE_WT","BBN Rxn","50-300ms",300,1,50,NA,NA,40,NA
"721","BP6","Fmr1-LE_WT","BBN Rxn","50-300ms",300,1,60,NA,NA,40,NA
"722","BP6","Fmr1-LE_WT","BBN Rxn","50-300ms",300,1,70,NA,NA,41,NA
"723","BP6","Fmr1-LE_WT","BBN Rxn","50-300ms",300,1,80,NA,NA,40,NA
"724","BP6","Fmr1-LE_WT","BBN Rxn","50ms",50,0,-100,625,171,NA,NA
"725","BP6","Fmr1-LE_WT","BBN Rxn","50ms",50,1,20,NA,NA,85,180
"726","BP6","Fmr1-LE_WT","BBN Rxn","50ms",50,1,30,NA,NA,225,42
"727","BP6","Fmr1-LE_WT","BBN Rxn","50ms",50,1,40,NA,NA,258,7
"728","BP6","Fmr1-LE_WT","BBN Rxn","50ms",50,1,50,NA,NA,265,2
"729","BP6","Fmr1-LE_WT","BBN Rxn","50ms",50,1,60,NA,NA,264,1
"730","BP6","Fmr1-LE_WT","BBN Rxn","50ms",50,1,70,NA,NA,265,NA
"731","BP6","Fmr1-LE_WT","BBN Rxn","50ms",50,1,80,NA,NA,266,NA
"732","BP6","Fmr1-LE_WT","BBN TH","100ms",100,0,-100,293,201,NA,NA
"733","BP6","Fmr1-LE_WT","BBN TH","100ms",100,1,10,NA,NA,17,57
"734","BP6","Fmr1-LE_WT","BBN TH","100ms",100,1,15,NA,NA,49,41
"735","BP6","Fmr1-LE_WT","BBN TH","100ms",100,1,20,NA,NA,101,62
"736","BP6","Fmr1-LE_WT","BBN TH","100ms",100,1,25,NA,NA,77,14
"737","BP6","Fmr1-LE_WT","BBN TH","100ms",100,1,30,NA,NA,160,3
"738","BP6","Fmr1-LE_WT","BBN TH","100ms",100,1,35,NA,NA,90,1
"739","BP6","Fmr1-LE_WT","BBN TH","100ms",100,1,40,NA,NA,167,NA
"740","BP6","Fmr1-LE_WT","BBN TH","100ms",100,1,45,NA,NA,91,NA
"741","BP6","Fmr1-LE_WT","BBN TH","100ms",100,1,50,NA,NA,73,NA
"742","BP6","Fmr1-LE_WT","BBN TH","100ms",100,1,60,NA,NA,73,NA
"743","BP6","Fmr1-LE_WT","BBN TH","100ms",100,1,70,NA,NA,74,NA
"744","BP6","Fmr1-LE_WT","BBN TH","300ms",300,0,-100,462,143,NA,NA
"745","BP6","Fmr1-LE_WT","BBN TH","300ms",300,1,10,NA,NA,27,73
"746","BP6","Fmr1-LE_WT","BBN TH","300ms",300,1,15,NA,NA,55,48
"747","BP6","Fmr1-LE_WT","BBN TH","300ms",300,1,20,NA,NA,153,49
"748","BP6","Fmr1-LE_WT","BBN TH","300ms",300,1,25,NA,NA,99,5
"749","BP6","Fmr1-LE_WT","BBN TH","300ms",300,1,30,NA,NA,201,1
"750","BP6","Fmr1-LE_WT","BBN TH","300ms",300,1,35,NA,NA,103,NA
"751","BP6","Fmr1-LE_WT","BBN TH","300ms",300,1,40,NA,NA,199,NA
"752","BP6","Fmr1-LE_WT","BBN TH","300ms",300,1,45,NA,NA,103,NA
"753","BP6","Fmr1-LE_WT","BBN TH","300ms",300,1,50,NA,NA,99,NA
"754","BP6","Fmr1-LE_WT","BBN TH","300ms",300,1,60,NA,NA,97,1
"755","BP6","Fmr1-LE_WT","BBN TH","300ms",300,1,70,NA,NA,100,NA
"756","BP6","Fmr1-LE_WT","BBN TH","50ms",50,0,-100,308,183,NA,NA
"757","BP6","Fmr1-LE_WT","BBN TH","50ms",50,1,10,NA,NA,23,53
"758","BP6","Fmr1-LE_WT","BBN TH","50ms",50,1,15,NA,NA,51,38
"759","BP6","Fmr1-LE_WT","BBN TH","50ms",50,1,20,NA,NA,87,76
"760","BP6","Fmr1-LE_WT","BBN TH","50ms",50,1,25,NA,NA,76,14
"761","BP6","Fmr1-LE_WT","BBN TH","50ms",50,1,30,NA,NA,148,14
"762","BP6","Fmr1-LE_WT","BBN TH","50ms",50,1,35,NA,NA,87,1
"763","BP6","Fmr1-LE_WT","BBN TH","50ms",50,1,40,NA,NA,161,2
"764","BP6","Fmr1-LE_WT","BBN TH","50ms",50,1,45,NA,NA,87,NA
"765","BP6","Fmr1-LE_WT","BBN TH","50ms",50,1,50,NA,NA,75,NA
"766","BP6","Fmr1-LE_WT","BBN TH","50ms",50,1,60,NA,NA,75,NA
"767","BP6","Fmr1-LE_WT","BBN TH","50ms",50,1,70,NA,NA,75,NA
"768","LP1","Fmr1-LE_KO","BBN Rotating","100ms",100,0,-100,374,83,NA,NA
"769","LP1","Fmr1-LE_KO","BBN Rotating","100ms",100,1,20,NA,NA,33,119
"770","LP1","Fmr1-LE_KO","BBN Rotating","100ms",100,1,30,NA,NA,131,21
"771","LP1","Fmr1-LE_KO","BBN Rotating","100ms",100,1,40,NA,NA,152,1
"772","LP1","Fmr1-LE_KO","BBN Rotating","100ms",100,1,50,NA,NA,153,NA
"773","LP1","Fmr1-LE_KO","BBN Rotating","100ms",100,1,60,NA,NA,151,2
"774","LP1","Fmr1-LE_KO","BBN Rotating","100ms",100,1,70,NA,NA,153,NA
"775","LP1","Fmr1-LE_KO","BBN Rotating","100ms",100,1,80,NA,NA,153,NA
"776","LP1","Fmr1-LE_KO","BBN Rotating","300ms",300,0,-100,290,26,NA,NA
"777","LP1","Fmr1-LE_KO","BBN Rotating","300ms",300,1,20,NA,NA,16,91
"778","LP1","Fmr1-LE_KO","BBN Rotating","300ms",300,1,30,NA,NA,99,6
"779","LP1","Fmr1-LE_KO","BBN Rotating","300ms",300,1,40,NA,NA,105,NA
"780","LP1","Fmr1-LE_KO","BBN Rotating","300ms",300,1,50,NA,NA,104,1
"781","LP1","Fmr1-LE_KO","BBN Rotating","300ms",300,1,60,NA,NA,106,NA
"782","LP1","Fmr1-LE_KO","BBN Rotating","300ms",300,1,70,NA,NA,104,NA
"783","LP1","Fmr1-LE_KO","BBN Rotating","300ms",300,1,80,NA,NA,105,NA
"784","LP1","Fmr1-LE_KO","BBN Rotating","50ms",50,0,-100,280,64,NA,NA
"785","LP1","Fmr1-LE_KO","BBN Rotating","50ms",50,1,20,NA,NA,22,92
"786","LP1","Fmr1-LE_KO","BBN Rotating","50ms",50,1,30,NA,NA,78,37
"787","LP1","Fmr1-LE_KO","BBN Rotating","50ms",50,1,40,NA,NA,112,3
"788","LP1","Fmr1-LE_KO","BBN Rotating","50ms",50,1,50,NA,NA,113,1
"789","LP1","Fmr1-LE_KO","BBN Rotating","50ms",50,1,60,NA,NA,112,2
"790","LP1","Fmr1-LE_KO","BBN Rotating","50ms",50,1,70,NA,NA,115,NA
"791","LP1","Fmr1-LE_KO","BBN Rotating","50ms",50,1,80,NA,NA,114,1
"792","LP1","Fmr1-LE_KO","BBN Rxn","100ms",100,0,-100,396,45,NA,NA
"793","LP1","Fmr1-LE_KO","BBN Rxn","100ms",100,1,20,NA,NA,12,135
"794","LP1","Fmr1-LE_KO","BBN Rxn","100ms",100,1,30,NA,NA,107,41
"795","LP1","Fmr1-LE_KO","BBN Rxn","100ms",100,1,40,NA,NA,138,8
"796","LP1","Fmr1-LE_KO","BBN Rxn","100ms",100,1,50,NA,NA,133,14
"797","LP1","Fmr1-LE_KO","BBN Rxn","100ms",100,1,60,NA,NA,136,11
"798","LP1","Fmr1-LE_KO","BBN Rxn","100ms",100,1,70,NA,NA,139,8
"799","LP1","Fmr1-LE_KO","BBN Rxn","100ms",100,1,80,NA,NA,146,1
"800","LP1","Fmr1-LE_KO","BBN Rxn","300ms",300,0,-100,533,55,NA,NA
"801","LP1","Fmr1-LE_KO","BBN Rxn","300ms",300,1,20,NA,NA,33,162
"802","LP1","Fmr1-LE_KO","BBN Rxn","300ms",300,1,30,NA,NA,173,22
"803","LP1","Fmr1-LE_KO","BBN Rxn","300ms",300,1,40,NA,NA,188,7
"804","LP1","Fmr1-LE_KO","BBN Rxn","300ms",300,1,50,NA,NA,189,7
"805","LP1","Fmr1-LE_KO","BBN Rxn","300ms",300,1,60,NA,NA,190,6
"806","LP1","Fmr1-LE_KO","BBN Rxn","300ms",300,1,70,NA,NA,185,11
"807","LP1","Fmr1-LE_KO","BBN Rxn","300ms",300,1,80,NA,NA,192,3
"808","LP1","Fmr1-LE_KO","BBN Rxn","50-300ms",50,1,20,NA,NA,10,90
"809","LP1","Fmr1-LE_KO","BBN Rxn","50-300ms",50,1,30,NA,NA,74,25
"810","LP1","Fmr1-LE_KO","BBN Rxn","50-300ms",50,1,40,NA,NA,91,7
"811","LP1","Fmr1-LE_KO","BBN Rxn","50-300ms",50,1,50,NA,NA,98,2
"812","LP1","Fmr1-LE_KO","BBN Rxn","50-300ms",50,1,60,NA,NA,91,6
"813","LP1","Fmr1-LE_KO","BBN Rxn","50-300ms",50,1,70,NA,NA,92,4
"814","LP1","Fmr1-LE_KO","BBN Rxn","50-300ms",50,1,80,NA,NA,99,1
"815","LP1","Fmr1-LE_KO","BBN Rxn","50-300ms",100,1,20,NA,NA,14,84
"816","LP1","Fmr1-LE_KO","BBN Rxn","50-300ms",100,1,30,NA,NA,90,7
"817","LP1","Fmr1-LE_KO","BBN Rxn","50-300ms",100,1,40,NA,NA,95,3
"818","LP1","Fmr1-LE_KO","BBN Rxn","50-300ms",100,1,50,NA,NA,94,4
"819","LP1","Fmr1-LE_KO","BBN Rxn","50-300ms",100,1,60,NA,NA,98,3
"820","LP1","Fmr1-LE_KO","BBN Rxn","50-300ms",100,1,70,NA,NA,97,2
"821","LP1","Fmr1-LE_KO","BBN Rxn","50-300ms",100,1,80,NA,NA,99,NA
"822","LP1","Fmr1-LE_KO","BBN Rxn","50-300ms",300,0,-100,818,67,NA,NA
"823","LP1","Fmr1-LE_KO","BBN Rxn","50-300ms",300,1,20,NA,NA,18,82
"824","LP1","Fmr1-LE_KO","BBN Rxn","50-300ms",300,1,30,NA,NA,95,2
"825","LP1","Fmr1-LE_KO","BBN Rxn","50-300ms",300,1,40,NA,NA,98,NA
"826","LP1","Fmr1-LE_KO","BBN Rxn","50-300ms",300,1,50,NA,NA,98,NA
"827","LP1","Fmr1-LE_KO","BBN Rxn","50-300ms",300,1,60,NA,NA,98,NA
"828","LP1","Fmr1-LE_KO","BBN Rxn","50-300ms",300,1,70,NA,NA,98,NA
"829","LP1","Fmr1-LE_KO","BBN Rxn","50-300ms",300,1,80,NA,NA,97,NA
"830","LP1","Fmr1-LE_KO","BBN Rxn","50ms",50,0,-100,578,76,NA,NA
"831","LP1","Fmr1-LE_KO","BBN Rxn","50ms",50,1,20,NA,NA,24,194
"832","LP1","Fmr1-LE_KO","BBN Rxn","50ms",50,1,30,NA,NA,150,68
"833","LP1","Fmr1-LE_KO","BBN Rxn","50ms",50,1,40,NA,NA,204,13
"834","LP1","Fmr1-LE_KO","BBN Rxn","50ms",50,1,50,NA,NA,201,17
"835","LP1","Fmr1-LE_KO","BBN Rxn","50ms",50,1,60,NA,NA,213,4
"836","LP1","Fmr1-LE_KO","BBN Rxn","50ms",50,1,70,NA,NA,217,2
"837","LP1","Fmr1-LE_KO","BBN Rxn","50ms",50,1,80,NA,NA,215,3
"838","LP1","Fmr1-LE_KO","BBN TH","100ms",100,0,-100,557,71,NA,NA
"839","LP1","Fmr1-LE_KO","BBN TH","100ms",100,1,10,NA,NA,10,75
"840","LP1","Fmr1-LE_KO","BBN TH","100ms",100,1,15,NA,NA,13,113
"841","LP1","Fmr1-LE_KO","BBN TH","100ms",100,1,20,NA,NA,25,185
"842","LP1","Fmr1-LE_KO","BBN TH","100ms",100,1,25,NA,NA,48,78
"843","LP1","Fmr1-LE_KO","BBN TH","100ms",100,1,30,NA,NA,181,29
"844","LP1","Fmr1-LE_KO","BBN TH","100ms",100,1,35,NA,NA,121,5
"845","LP1","Fmr1-LE_KO","BBN TH","100ms",100,1,40,NA,NA,207,3
"846","LP1","Fmr1-LE_KO","BBN TH","100ms",100,1,45,NA,NA,125,NA
"847","LP1","Fmr1-LE_KO","BBN TH","100ms",100,1,50,NA,NA,84,1
"848","LP1","Fmr1-LE_KO","BBN TH","100ms",100,1,60,NA,NA,84,NA
"849","LP1","Fmr1-LE_KO","BBN TH","100ms",100,1,70,NA,NA,84,NA
"850","LP1","Fmr1-LE_KO","BBN TH","300ms",300,0,-100,555,74,NA,NA
"851","LP1","Fmr1-LE_KO","BBN TH","300ms",300,1,10,NA,NA,11,68
"852","LP1","Fmr1-LE_KO","BBN TH","300ms",300,1,15,NA,NA,22,111
"853","LP1","Fmr1-LE_KO","BBN TH","300ms",300,1,20,NA,NA,36,176
"854","LP1","Fmr1-LE_KO","BBN TH","300ms",300,1,25,NA,NA,75,57
"855","LP1","Fmr1-LE_KO","BBN TH","300ms",300,1,30,NA,NA,180,31
"856","LP1","Fmr1-LE_KO","BBN TH","300ms",300,1,35,NA,NA,120,13
"857","LP1","Fmr1-LE_KO","BBN TH","300ms",300,1,40,NA,NA,192,18
"858","LP1","Fmr1-LE_KO","BBN TH","300ms",300,1,45,NA,NA,119,14
"859","LP1","Fmr1-LE_KO","BBN TH","300ms",300,1,50,NA,NA,72,6
"860","LP1","Fmr1-LE_KO","BBN TH","300ms",300,1,60,NA,NA,78,1
"861","LP1","Fmr1-LE_KO","BBN TH","300ms",300,1,70,NA,NA,79,NA
"862","LP1","Fmr1-LE_KO","BBN TH","50-300ms",50,1,10,NA,NA,4,24
"863","LP1","Fmr1-LE_KO","BBN TH","50-300ms",50,1,15,NA,NA,2,26
"864","LP1","Fmr1-LE_KO","BBN TH","50-300ms",50,1,20,NA,NA,3,52
"865","LP1","Fmr1-LE_KO","BBN TH","50-300ms",50,1,25,NA,NA,15,12
"866","LP1","Fmr1-LE_KO","BBN TH","50-300ms",50,1,30,NA,NA,41,14
"867","LP1","Fmr1-LE_KO","BBN TH","50-300ms",50,1,35,NA,NA,29,NA
"868","LP1","Fmr1-LE_KO","BBN TH","50-300ms",50,1,40,NA,NA,54,2
"869","LP1","Fmr1-LE_KO","BBN TH","50-300ms",50,1,45,NA,NA,26,1
"870","LP1","Fmr1-LE_KO","BBN TH","50-300ms",50,1,50,NA,NA,29,NA
"871","LP1","Fmr1-LE_KO","BBN TH","50-300ms",50,1,60,NA,NA,29,NA
"872","LP1","Fmr1-LE_KO","BBN TH","50-300ms",50,1,70,NA,NA,29,NA
"873","LP1","Fmr1-LE_KO","BBN TH","50-300ms",100,1,10,NA,NA,2,26
"874","LP1","Fmr1-LE_KO","BBN TH","50-300ms",100,1,15,NA,NA,3,25
"875","LP1","Fmr1-LE_KO","BBN TH","50-300ms",100,1,20,NA,NA,7,48
"876","LP1","Fmr1-LE_KO","BBN TH","50-300ms",100,1,25,NA,NA,18,9
"877","LP1","Fmr1-LE_KO","BBN TH","50-300ms",100,1,30,NA,NA,50,6
"878","LP1","Fmr1-LE_KO","BBN TH","50-300ms",100,1,35,NA,NA,27,1
"879","LP1","Fmr1-LE_KO","BBN TH","50-300ms",100,1,40,NA,NA,53,3
"880","LP1","Fmr1-LE_KO","BBN TH","50-300ms",100,1,45,NA,NA,28,NA
"881","LP1","Fmr1-LE_KO","BBN TH","50-300ms",100,1,50,NA,NA,27,NA
"882","LP1","Fmr1-LE_KO","BBN TH","50-300ms",100,1,60,NA,NA,28,NA
"883","LP1","Fmr1-LE_KO","BBN TH","50-300ms",100,1,70,NA,NA,29,NA
"884","LP1","Fmr1-LE_KO","BBN TH","50-300ms",300,0,-100,435,69,NA,NA
"885","LP1","Fmr1-LE_KO","BBN TH","50-300ms",300,1,10,NA,NA,4,25
"886","LP1","Fmr1-LE_KO","BBN TH","50-300ms",300,1,15,NA,NA,3,24
"887","LP1","Fmr1-LE_KO","BBN TH","50-300ms",300,1,20,NA,NA,14,43
"888","LP1","Fmr1-LE_KO","BBN TH","50-300ms",300,1,25,NA,NA,22,6
"889","LP1","Fmr1-LE_KO","BBN TH","50-300ms",300,1,30,NA,NA,53,1
"890","LP1","Fmr1-LE_KO","BBN TH","50-300ms",300,1,35,NA,NA,28,1
"891","LP1","Fmr1-LE_KO","BBN TH","50-300ms",300,1,40,NA,NA,55,NA
"892","LP1","Fmr1-LE_KO","BBN TH","50-300ms",300,1,45,NA,NA,28,NA
"893","LP1","Fmr1-LE_KO","BBN TH","50-300ms",300,1,50,NA,NA,28,NA
"894","LP1","Fmr1-LE_KO","BBN TH","50-300ms",300,1,60,NA,NA,27,NA
"895","LP1","Fmr1-LE_KO","BBN TH","50-300ms",300,1,70,NA,NA,29,NA
"896","LP1","Fmr1-LE_KO","BBN TH","50ms",50,0,-100,569,78,NA,NA
"897","LP1","Fmr1-LE_KO","BBN TH","50ms",50,1,10,NA,NA,13,68
"898","LP1","Fmr1-LE_KO","BBN TH","50ms",50,1,15,NA,NA,20,114
"899","LP1","Fmr1-LE_KO","BBN TH","50ms",50,1,20,NA,NA,26,189
"900","LP1","Fmr1-LE_KO","BBN TH","50ms",50,1,25,NA,NA,51,84
"901","LP1","Fmr1-LE_KO","BBN TH","50ms",50,1,30,NA,NA,164,52
"902","LP1","Fmr1-LE_KO","BBN TH","50ms",50,1,35,NA,NA,126,10
"903","LP1","Fmr1-LE_KO","BBN TH","50ms",50,1,40,NA,NA,213,3
"904","LP1","Fmr1-LE_KO","BBN TH","50ms",50,1,45,NA,NA,136,NA
"905","LP1","Fmr1-LE_KO","BBN TH","50ms",50,1,50,NA,NA,80,NA
"906","LP1","Fmr1-LE_KO","BBN TH","50ms",50,1,60,NA,NA,81,NA
"907","LP1","Fmr1-LE_KO","BBN TH","50ms",50,1,70,NA,NA,79,1
"908","LP2","Fmr1-LE_WT","BBN Rotating","100ms",100,0,-100,500,87,NA,NA
"909","LP2","Fmr1-LE_WT","BBN Rotating","100ms",100,1,20,NA,NA,103,93
"910","LP2","Fmr1-LE_WT","BBN Rotating","100ms",100,1,30,NA,NA,190,6
"911","LP2","Fmr1-LE_WT","BBN Rotating","100ms",100,1,40,NA,NA,196,NA
"912","LP2","Fmr1-LE_WT","BBN Rotating","100ms",100,1,50,NA,NA,196,NA
"913","LP2","Fmr1-LE_WT","BBN Rotating","100ms",100,1,60,NA,NA,195,NA
"914","LP2","Fmr1-LE_WT","BBN Rotating","100ms",100,1,70,NA,NA,197,NA
"915","LP2","Fmr1-LE_WT","BBN Rotating","100ms",100,1,80,NA,NA,198,NA
"916","LP2","Fmr1-LE_WT","BBN Rotating","300ms",300,0,-100,520,87,NA,NA
"917","LP2","Fmr1-LE_WT","BBN Rotating","300ms",300,1,20,NA,NA,156,45
"918","LP2","Fmr1-LE_WT","BBN Rotating","300ms",300,1,30,NA,NA,200,2
"919","LP2","Fmr1-LE_WT","BBN Rotating","300ms",300,1,40,NA,NA,202,NA
"920","LP2","Fmr1-LE_WT","BBN Rotating","300ms",300,1,50,NA,NA,203,NA
"921","LP2","Fmr1-LE_WT","BBN Rotating","300ms",300,1,60,NA,NA,201,NA
"922","LP2","Fmr1-LE_WT","BBN Rotating","300ms",300,1,70,NA,NA,202,NA
"923","LP2","Fmr1-LE_WT","BBN Rotating","300ms",300,1,80,NA,NA,202,NA
"924","LP2","Fmr1-LE_WT","BBN Rotating","50ms",50,0,-100,517,115,NA,NA
"925","LP2","Fmr1-LE_WT","BBN Rotating","50ms",50,1,20,NA,NA,91,119
"926","LP2","Fmr1-LE_WT","BBN Rotating","50ms",50,1,30,NA,NA,188,23
"927","LP2","Fmr1-LE_WT","BBN Rotating","50ms",50,1,40,NA,NA,208,2
"928","LP2","Fmr1-LE_WT","BBN Rotating","50ms",50,1,50,NA,NA,211,NA
"929","LP2","Fmr1-LE_WT","BBN Rotating","50ms",50,1,60,NA,NA,211,NA
"930","LP2","Fmr1-LE_WT","BBN Rotating","50ms",50,1,70,NA,NA,213,NA
"931","LP2","Fmr1-LE_WT","BBN Rotating","50ms",50,1,80,NA,NA,212,NA
"932","LP2","Fmr1-LE_WT","BBN Rxn","100ms",100,0,-100,570,123,NA,NA
"933","LP2","Fmr1-LE_WT","BBN Rxn","100ms",100,1,20,NA,NA,139,93
"934","LP2","Fmr1-LE_WT","BBN Rxn","100ms",100,1,30,NA,NA,226,7
"935","LP2","Fmr1-LE_WT","BBN Rxn","100ms",100,1,40,NA,NA,230,1
"936","LP2","Fmr1-LE_WT","BBN Rxn","100ms",100,1,50,NA,NA,231,NA
"937","LP2","Fmr1-LE_WT","BBN Rxn","100ms",100,1,60,NA,NA,232,NA
"938","LP2","Fmr1-LE_WT","BBN Rxn","100ms",100,1,70,NA,NA,231,NA
"939","LP2","Fmr1-LE_WT","BBN Rxn","100ms",100,1,80,NA,NA,233,NA
"940","LP2","Fmr1-LE_WT","BBN Rxn","300ms",300,0,-100,521,56,NA,NA
"941","LP2","Fmr1-LE_WT","BBN Rxn","300ms",300,1,20,NA,NA,153,39
"942","LP2","Fmr1-LE_WT","BBN Rxn","300ms",300,1,30,NA,NA,188,5
"943","LP2","Fmr1-LE_WT","BBN Rxn","300ms",300,1,40,NA,NA,193,NA
"944","LP2","Fmr1-LE_WT","BBN Rxn","300ms",300,1,50,NA,NA,190,1
"945","LP2","Fmr1-LE_WT","BBN Rxn","300ms",300,1,60,NA,NA,192,NA
"946","LP2","Fmr1-LE_WT","BBN Rxn","300ms",300,1,70,NA,NA,191,1
"947","LP2","Fmr1-LE_WT","BBN Rxn","300ms",300,1,80,NA,NA,192,NA
"948","LP2","Fmr1-LE_WT","BBN Rxn","50-300ms",50,1,20,NA,NA,66,78
"949","LP2","Fmr1-LE_WT","BBN Rxn","50-300ms",50,1,30,NA,NA,131,14
"950","LP2","Fmr1-LE_WT","BBN Rxn","50-300ms",50,1,40,NA,NA,141,2
"951","LP2","Fmr1-LE_WT","BBN Rxn","50-300ms",50,1,50,NA,NA,144,NA
"952","LP2","Fmr1-LE_WT","BBN Rxn","50-300ms",50,1,60,NA,NA,145,NA
"953","LP2","Fmr1-LE_WT","BBN Rxn","50-300ms",50,1,70,NA,NA,143,NA
"954","LP2","Fmr1-LE_WT","BBN Rxn","50-300ms",50,1,80,NA,NA,145,NA
"955","LP2","Fmr1-LE_WT","BBN Rxn","50-300ms",100,1,20,NA,NA,76,70
"956","LP2","Fmr1-LE_WT","BBN Rxn","50-300ms",100,1,30,NA,NA,141,3
"957","LP2","Fmr1-LE_WT","BBN Rxn","50-300ms",100,1,40,NA,NA,147,NA
"958","LP2","Fmr1-LE_WT","BBN Rxn","50-300ms",100,1,50,NA,NA,145,1
"959","LP2","Fmr1-LE_WT","BBN Rxn","50-300ms",100,1,60,NA,NA,144,NA
"960","LP2","Fmr1-LE_WT","BBN Rxn","50-300ms",100,1,70,NA,NA,144,NA
"961","LP2","Fmr1-LE_WT","BBN Rxn","50-300ms",100,1,80,NA,NA,143,NA
"962","LP2","Fmr1-LE_WT","BBN Rxn","50-300ms",300,0,-100,1102,198,NA,NA
"963","LP2","Fmr1-LE_WT","BBN Rxn","50-300ms",300,1,20,NA,NA,115,29
"964","LP2","Fmr1-LE_WT","BBN Rxn","50-300ms",300,1,30,NA,NA,143,NA
"965","LP2","Fmr1-LE_WT","BBN Rxn","50-300ms",300,1,40,NA,NA,143,NA
"966","LP2","Fmr1-LE_WT","BBN Rxn","50-300ms",300,1,50,NA,NA,146,NA
"967","LP2","Fmr1-LE_WT","BBN Rxn","50-300ms",300,1,60,NA,NA,146,NA
"968","LP2","Fmr1-LE_WT","BBN Rxn","50-300ms",300,1,70,NA,NA,146,NA
"969","LP2","Fmr1-LE_WT","BBN Rxn","50-300ms",300,1,80,NA,NA,144,NA
"970","LP2","Fmr1-LE_WT","BBN Rxn","50ms",50,0,-100,525,108,NA,NA
"971","LP2","Fmr1-LE_WT","BBN Rxn","50ms",50,1,20,NA,NA,92,119
"972","LP2","Fmr1-LE_WT","BBN Rxn","50ms",50,1,30,NA,NA,197,14
"973","LP2","Fmr1-LE_WT","BBN Rxn","50ms",50,1,40,NA,NA,207,3
"974","LP2","Fmr1-LE_WT","BBN Rxn","50ms",50,1,50,NA,NA,211,NA
"975","LP2","Fmr1-LE_WT","BBN Rxn","50ms",50,1,60,NA,NA,212,NA
"976","LP2","Fmr1-LE_WT","BBN Rxn","50ms",50,1,70,NA,NA,212,NA
"977","LP2","Fmr1-LE_WT","BBN Rxn","50ms",50,1,80,NA,NA,210,NA
"978","LP2","Fmr1-LE_WT","BBN TH","100ms",100,0,-100,508,168,NA,NA
"979","LP2","Fmr1-LE_WT","BBN TH","100ms",100,1,10,NA,NA,35,60
"980","LP2","Fmr1-LE_WT","BBN TH","100ms",100,1,15,NA,NA,57,74
"981","LP2","Fmr1-LE_WT","BBN TH","100ms",100,1,20,NA,NA,139,88
"982","LP2","Fmr1-LE_WT","BBN TH","100ms",100,1,25,NA,NA,120,12
"983","LP2","Fmr1-LE_WT","BBN TH","100ms",100,1,30,NA,NA,217,7
"984","LP2","Fmr1-LE_WT","BBN TH","100ms",100,1,35,NA,NA,130,2
"985","LP2","Fmr1-LE_WT","BBN TH","100ms",100,1,40,NA,NA,226,NA
"986","LP2","Fmr1-LE_WT","BBN TH","100ms",100,1,45,NA,NA,132,NA
"987","LP2","Fmr1-LE_WT","BBN TH","100ms",100,1,50,NA,NA,93,NA
"988","LP2","Fmr1-LE_WT","BBN TH","100ms",100,1,60,NA,NA,94,NA
"989","LP2","Fmr1-LE_WT","BBN TH","100ms",100,1,70,NA,NA,94,NA
"990","LP2","Fmr1-LE_WT","BBN TH","300ms",300,0,-100,624,97,NA,NA
"991","LP2","Fmr1-LE_WT","BBN TH","300ms",300,1,10,NA,NA,20,82
"992","LP2","Fmr1-LE_WT","BBN TH","300ms",300,1,15,NA,NA,69,70
"993","LP2","Fmr1-LE_WT","BBN TH","300ms",300,1,20,NA,NA,198,41
"994","LP2","Fmr1-LE_WT","BBN TH","300ms",300,1,25,NA,NA,131,7
"995","LP2","Fmr1-LE_WT","BBN TH","300ms",300,1,30,NA,NA,235,6
"996","LP2","Fmr1-LE_WT","BBN TH","300ms",300,1,35,NA,NA,137,1
"997","LP2","Fmr1-LE_WT","BBN TH","300ms",300,1,40,NA,NA,240,NA
"998","LP2","Fmr1-LE_WT","BBN TH","300ms",300,1,45,NA,NA,138,NA
"999","LP2","Fmr1-LE_WT","BBN TH","300ms",300,1,50,NA,NA,101,1
"1000","LP2","Fmr1-LE_WT","BBN TH","300ms",300,1,60,NA,NA,102,NA
"1001","LP2","Fmr1-LE_WT","BBN TH","300ms",300,1,70,NA,NA,102,NA
"1002","LP2","Fmr1-LE_WT","BBN TH","50-300ms",50,1,10,NA,NA,10,22
"1003","LP2","Fmr1-LE_WT","BBN TH","50-300ms",50,1,15,NA,NA,19,23
"1004","LP2","Fmr1-LE_WT","BBN TH","50-300ms",50,1,20,NA,NA,42,32
"1005","LP2","Fmr1-LE_WT","BBN TH","50-300ms",50,1,25,NA,NA,29,13
"1006","LP2","Fmr1-LE_WT","BBN TH","50-300ms",50,1,30,NA,NA,69,5
"1007","LP2","Fmr1-LE_WT","BBN TH","50-300ms",50,1,35,NA,NA,42,NA
"1008","LP2","Fmr1-LE_WT","BBN TH","50-300ms",50,1,40,NA,NA,71,2
"1009","LP2","Fmr1-LE_WT","BBN TH","50-300ms",50,1,45,NA,NA,42,NA
"1010","LP2","Fmr1-LE_WT","BBN TH","50-300ms",50,1,50,NA,NA,32,NA
"1011","LP2","Fmr1-LE_WT","BBN TH","50-300ms",50,1,60,NA,NA,31,NA
"1012","LP2","Fmr1-LE_WT","BBN TH","50-300ms",50,1,70,NA,NA,31,NA
"1013","LP2","Fmr1-LE_WT","BBN TH","50-300ms",100,1,10,NA,NA,12,19
"1014","LP2","Fmr1-LE_WT","BBN TH","50-300ms",100,1,15,NA,NA,26,16
"1015","LP2","Fmr1-LE_WT","BBN TH","50-300ms",100,1,20,NA,NA,42,30
"1016","LP2","Fmr1-LE_WT","BBN TH","50-300ms",100,1,25,NA,NA,33,8
"1017","LP2","Fmr1-LE_WT","BBN TH","50-300ms",100,1,30,NA,NA,73,1
"1018","LP2","Fmr1-LE_WT","BBN TH","50-300ms",100,1,35,NA,NA,40,NA
"1019","LP2","Fmr1-LE_WT","BBN TH","50-300ms",100,1,40,NA,NA,74,NA
"1020","LP2","Fmr1-LE_WT","BBN TH","50-300ms",100,1,45,NA,NA,41,1
"1021","LP2","Fmr1-LE_WT","BBN TH","50-300ms",100,1,50,NA,NA,31,NA
"1022","LP2","Fmr1-LE_WT","BBN TH","50-300ms",100,1,60,NA,NA,31,NA
"1023","LP2","Fmr1-LE_WT","BBN TH","50-300ms",100,1,70,NA,NA,30,NA
"1024","LP2","Fmr1-LE_WT","BBN TH","50-300ms",300,0,-100,492,169,NA,NA
"1025","LP2","Fmr1-LE_WT","BBN TH","50-300ms",300,1,10,NA,NA,15,16
"1026","LP2","Fmr1-LE_WT","BBN TH","50-300ms",300,1,15,NA,NA,27,15
"1027","LP2","Fmr1-LE_WT","BBN TH","50-300ms",300,1,20,NA,NA,60,12
"1028","LP2","Fmr1-LE_WT","BBN TH","50-300ms",300,1,25,NA,NA,42,NA
"1029","LP2","Fmr1-LE_WT","BBN TH","50-300ms",300,1,30,NA,NA,74,NA
"1030","LP2","Fmr1-LE_WT","BBN TH","50-300ms",300,1,35,NA,NA,42,NA
"1031","LP2","Fmr1-LE_WT","BBN TH","50-300ms",300,1,40,NA,NA,73,NA
"1032","LP2","Fmr1-LE_WT","BBN TH","50-300ms",300,1,45,NA,NA,42,NA
"1033","LP2","Fmr1-LE_WT","BBN TH","50-300ms",300,1,50,NA,NA,32,NA
"1034","LP2","Fmr1-LE_WT","BBN TH","50-300ms",300,1,60,NA,NA,32,NA
"1035","LP2","Fmr1-LE_WT","BBN TH","50-300ms",300,1,70,NA,NA,31,NA
"1036","LP2","Fmr1-LE_WT","BBN TH","50ms",50,0,-100,460,191,NA,NA
"1037","LP2","Fmr1-LE_WT","BBN TH","50ms",50,1,10,NA,NA,33,60
"1038","LP2","Fmr1-LE_WT","BBN TH","50ms",50,1,15,NA,NA,65,58
"1039","LP2","Fmr1-LE_WT","BBN TH","50ms",50,1,20,NA,NA,109,107
"1040","LP2","Fmr1-LE_WT","BBN TH","50ms",50,1,25,NA,NA,96,27
"1041","LP2","Fmr1-LE_WT","BBN TH","50ms",50,1,30,NA,NA,200,16
"1042","LP2","Fmr1-LE_WT","BBN TH","50ms",50,1,35,NA,NA,119,3
"1043","LP2","Fmr1-LE_WT","BBN TH","50ms",50,1,40,NA,NA,215,1
"1044","LP2","Fmr1-LE_WT","BBN TH","50ms",50,1,45,NA,NA,122,1
"1045","LP2","Fmr1-LE_WT","BBN TH","50ms",50,1,50,NA,NA,95,NA
"1046","LP2","Fmr1-LE_WT","BBN TH","50ms",50,1,60,NA,NA,94,NA
"1047","LP2","Fmr1-LE_WT","BBN TH","50ms",50,1,70,NA,NA,95,NA
"1048","LP3","Fmr1-LE_WT","BBN Rxn","300ms",300,0,-100,1156,93,NA,NA
"1049","LP3","Fmr1-LE_WT","BBN Rxn","300ms",300,1,20,NA,NA,107,179
"1050","LP3","Fmr1-LE_WT","BBN Rxn","300ms",300,1,30,NA,NA,378,38
"1051","LP3","Fmr1-LE_WT","BBN Rxn","300ms",300,1,40,NA,NA,409,7
"1052","LP3","Fmr1-LE_WT","BBN Rxn","300ms",300,1,50,NA,NA,411,6
"1053","LP3","Fmr1-LE_WT","BBN Rxn","300ms",300,1,60,NA,NA,406,9
"1054","LP3","Fmr1-LE_WT","BBN Rxn","300ms",300,1,70,NA,NA,409,6
"1055","LP3","Fmr1-LE_WT","BBN Rxn","300ms",300,1,80,NA,NA,415,2
"1056","LP3","Fmr1-LE_WT","BBN Rxn","300ms",300,1,90,NA,NA,132,NA
"1057","LP3","Fmr1-LE_WT","BBN TH","300ms",300,0,-100,490,103,NA,NA
"1058","LP3","Fmr1-LE_WT","BBN TH","300ms",300,1,10,NA,NA,24,83
"1059","LP3","Fmr1-LE_WT","BBN TH","300ms",300,1,15,NA,NA,15,76
"1060","LP3","Fmr1-LE_WT","BBN TH","300ms",300,1,20,NA,NA,106,91
"1061","LP3","Fmr1-LE_WT","BBN TH","300ms",300,1,25,NA,NA,80,11
"1062","LP3","Fmr1-LE_WT","BBN TH","300ms",300,1,30,NA,NA,189,10
"1063","LP3","Fmr1-LE_WT","BBN TH","300ms",300,1,35,NA,NA,92,NA
"1064","LP3","Fmr1-LE_WT","BBN TH","300ms",300,1,40,NA,NA,199,NA
"1065","LP3","Fmr1-LE_WT","BBN TH","300ms",300,1,45,NA,NA,92,NA
"1066","LP3","Fmr1-LE_WT","BBN TH","300ms",300,1,50,NA,NA,106,NA
"1067","LP3","Fmr1-LE_WT","BBN TH","300ms",300,1,60,NA,NA,106,NA
"1068","LP3","Fmr1-LE_WT","BBN TH","300ms",300,1,70,NA,NA,106,NA
"1069","LP4","Fmr1-LE_KO","BBN Rxn","300ms",300,0,-100,507,57,NA,NA
"1070","LP4","Fmr1-LE_KO","BBN Rxn","300ms",300,1,20,NA,NA,36,154
"1071","LP4","Fmr1-LE_KO","BBN Rxn","300ms",300,1,30,NA,NA,175,13
"1072","LP4","Fmr1-LE_KO","BBN Rxn","300ms",300,1,40,NA,NA,188,2
"1073","LP4","Fmr1-LE_KO","BBN Rxn","300ms",300,1,50,NA,NA,188,2
"1074","LP4","Fmr1-LE_KO","BBN Rxn","300ms",300,1,60,NA,NA,186,3
"1075","LP4","Fmr1-LE_KO","BBN Rxn","300ms",300,1,70,NA,NA,188,1
"1076","LP4","Fmr1-LE_KO","BBN Rxn","300ms",300,1,80,NA,NA,189,NA
"1077","LP4","Fmr1-LE_KO","BBN TH","300ms",300,0,-100,421,98,NA,NA
"1078","LP4","Fmr1-LE_KO","BBN TH","300ms",300,1,10,NA,NA,19,52
"1079","LP4","Fmr1-LE_KO","BBN TH","300ms",300,1,15,NA,NA,22,82
"1080","LP4","Fmr1-LE_KO","BBN TH","300ms",300,1,20,NA,NA,64,109
"1081","LP4","Fmr1-LE_KO","BBN TH","300ms",300,1,25,NA,NA,79,24
"1082","LP4","Fmr1-LE_KO","BBN TH","300ms",300,1,30,NA,NA,165,7
"1083","LP4","Fmr1-LE_KO","BBN TH","300ms",300,1,35,NA,NA,103,NA
"1084","LP4","Fmr1-LE_KO","BBN TH","300ms",300,1,40,NA,NA,173,NA
"1085","LP4","Fmr1-LE_KO","BBN TH","300ms",300,1,45,NA,NA,103,NA
"1086","LP4","Fmr1-LE_KO","BBN TH","300ms",300,1,50,NA,NA,71,NA
"1087","LP4","Fmr1-LE_KO","BBN TH","300ms",300,1,60,NA,NA,71,NA
"1088","LP4","Fmr1-LE_KO","BBN TH","300ms",300,1,70,NA,NA,71,NA
"1089","LP5","Fmr1-LE_WT","BBN Rxn","300ms",300,0,-100,507,154,NA,NA
"1090","LP5","Fmr1-LE_WT","BBN Rxn","300ms",300,1,20,NA,NA,115,108
"1091","LP5","Fmr1-LE_WT","BBN Rxn","300ms",300,1,30,NA,NA,215,6
"1092","LP5","Fmr1-LE_WT","BBN Rxn","300ms",300,1,40,NA,NA,221,2
"1093","LP5","Fmr1-LE_WT","BBN Rxn","300ms",300,1,50,NA,NA,220,NA
"1094","LP5","Fmr1-LE_WT","BBN Rxn","300ms",300,1,60,NA,NA,218,1
"1095","LP5","Fmr1-LE_WT","BBN Rxn","300ms",300,1,70,NA,NA,221,NA
"1096","LP5","Fmr1-LE_WT","BBN Rxn","300ms",300,1,80,NA,NA,222,NA
"1097","LP5","Fmr1-LE_WT","BBN TH","300ms",300,0,-100,369,166,NA,NA
"1098","LP5","Fmr1-LE_WT","BBN TH","300ms",300,1,10,NA,NA,19,55
"1099","LP5","Fmr1-LE_WT","BBN TH","300ms",300,1,15,NA,NA,45,61
"1100","LP5","Fmr1-LE_WT","BBN TH","300ms",300,1,20,NA,NA,118,60
"1101","LP5","Fmr1-LE_WT","BBN TH","300ms",300,1,25,NA,NA,99,5
"1102","LP5","Fmr1-LE_WT","BBN TH","300ms",300,1,30,NA,NA,178,1
"1103","LP5","Fmr1-LE_WT","BBN TH","300ms",300,1,35,NA,NA,104,1
"1104","LP5","Fmr1-LE_WT","BBN TH","300ms",300,1,40,NA,NA,179,NA
"1105","LP5","Fmr1-LE_WT","BBN TH","300ms",300,1,45,NA,NA,106,NA
"1106","LP5","Fmr1-LE_WT","BBN TH","300ms",300,1,50,NA,NA,73,NA
"1107","LP5","Fmr1-LE_WT","BBN TH","300ms",300,1,60,NA,NA,72,1
"1108","LP5","Fmr1-LE_WT","BBN TH","300ms",300,1,70,NA,NA,74,NA
"1109","LP6","Fmr1-LE_KO","BBN Rxn","300ms",300,0,-100,764,49,NA,NA
"1110","LP6","Fmr1-LE_KO","BBN Rxn","300ms",300,1,20,NA,NA,22,170
"1111","LP6","Fmr1-LE_KO","BBN Rxn","300ms",300,1,30,NA,NA,217,53
"1112","LP6","Fmr1-LE_KO","BBN Rxn","300ms",300,1,40,NA,NA,260,14
"1113","LP6","Fmr1-LE_KO","BBN Rxn","300ms",300,1,50,NA,NA,259,13
"1114","LP6","Fmr1-LE_KO","BBN Rxn","300ms",300,1,60,NA,NA,253,19
"1115","LP6","Fmr1-LE_KO","BBN Rxn","300ms",300,1,70,NA,NA,263,9
"1116","LP6","Fmr1-LE_KO","BBN Rxn","300ms",300,1,80,NA,NA,267,2
"1117","LP6","Fmr1-LE_KO","BBN Rxn","300ms",300,1,90,NA,NA,78,NA
"1118","LP6","Fmr1-LE_KO","BBN TH","300ms",300,0,-100,746,140,NA,NA
"1119","LP6","Fmr1-LE_KO","BBN TH","300ms",300,1,10,NA,NA,21,129
"1120","LP6","Fmr1-LE_KO","BBN TH","300ms",300,1,15,NA,NA,37,109
"1121","LP6","Fmr1-LE_KO","BBN TH","300ms",300,1,20,NA,NA,87,209
"1122","LP6","Fmr1-LE_KO","BBN TH","300ms",300,1,25,NA,NA,94,52
"1123","LP6","Fmr1-LE_KO","BBN TH","300ms",300,1,30,NA,NA,254,42
"1124","LP6","Fmr1-LE_KO","BBN TH","300ms",300,1,35,NA,NA,139,7
"1125","LP6","Fmr1-LE_KO","BBN TH","300ms",300,1,40,NA,NA,290,5
"1126","LP6","Fmr1-LE_KO","BBN TH","300ms",300,1,45,NA,NA,143,3
"1127","LP6","Fmr1-LE_KO","BBN TH","300ms",300,1,50,NA,NA,145,4
"1128","LP6","Fmr1-LE_KO","BBN TH","300ms",300,1,60,NA,NA,151,NA
"1129","LP6","Fmr1-LE_KO","BBN TH","300ms",300,1,70,NA,NA,149,NA
"1130","Purple1","Fmr1-LE_WT","BBN Rxn","300ms",300,0,-100,254,21,NA,NA
"1131","Purple1","Fmr1-LE_WT","BBN Rxn","300ms",300,1,20,NA,NA,15,77
"1132","Purple1","Fmr1-LE_WT","BBN Rxn","300ms",300,1,30,NA,NA,75,16
"1133","Purple1","Fmr1-LE_WT","BBN Rxn","300ms",300,1,40,NA,NA,90,2
"1134","Purple1","Fmr1-LE_WT","BBN Rxn","300ms",300,1,50,NA,NA,93,NA
"1135","Purple1","Fmr1-LE_WT","BBN Rxn","300ms",300,1,60,NA,NA,91,NA
"1136","Purple1","Fmr1-LE_WT","BBN Rxn","300ms",300,1,70,NA,NA,92,NA
"1137","Purple1","Fmr1-LE_WT","BBN Rxn","300ms",300,1,80,NA,NA,92,NA
