"","ID","Genotype","Duration","Dur (ms)","Intensity","Phase","count","Rxn"
"1","GP 1","Tsc2_LE_Het","Alone",100,25,"BBN TH",3,312.206545454545
"2","GP 1","Tsc2_LE_Het","Rotating",100,30,"BBN Rotating",4,306.229251572327
"3","GP 1","Tsc2_LE_Het","Alone",100,30,"BBN Rxn",5,235.650271028037
"4","GP 1","Tsc2_LE_Het","Alone",100,30,"BBN TH",5,239.79538028169
"5","GP 1","Tsc2_LE_Het","Alone",100,35,"BBN TH",3,242.145574626866
"6","GP 1","Tsc2_LE_Het","Rotating",100,40,"BBN Rotating",4,266.198926701571
"7","GP 1","Tsc2_LE_Het","Alone",100,40,"BBN Rxn",5,214.823465437788
"8","GP 1","Tsc2_LE_Het","Alone",100,40,"BBN TH",5,205.577345454545
"9","GP 1","Tsc2_LE_Het","Alone",100,45,"BBN TH",3,179.683985074627
"10","GP 1","Tsc2_LE_Het","Rotating",100,50,"BBN Rotating",4,254.164829896907
"11","GP 1","Tsc2_LE_Het","Alone",100,50,"BBN Rxn",5,177.782406392694
"12","GP 1","Tsc2_LE_Het","Alone",100,50,"BBN TH",2,177.596988636364
"13","GP 1","Tsc2_LE_Het","Rotating",100,60,"BBN Rotating",4,254.541984536082
"14","GP 1","Tsc2_LE_Het","Alone",100,60,"BBN Rxn",5,154.516926267281
"15","GP 1","Tsc2_LE_Het","Alone",100,60,"BBN TH",2,150.088252873563
"16","GP 1","Tsc2_LE_Het","Rotating",100,70,"BBN Rotating",4,233.725712041885
"17","GP 1","Tsc2_LE_Het","Alone",100,70,"BBN Rxn",5,124.981174887892
"18","GP 1","Tsc2_LE_Het","Alone",100,70,"BBN TH",2,129.200965909091
"19","GP 1","Tsc2_LE_Het","Rotating",100,80,"BBN Rotating",4,208.518937823834
"20","GP 1","Tsc2_LE_Het","Alone",100,80,"BBN Rxn",5,76.1084798206278
"21","GP 1","Tsc2_LE_Het","Rotating",300,20,"BBN Rotating",4,606.650278688525
"22","GP 1","Tsc2_LE_Het","Alone",300,20,"BBN Rxn",5,326.548139240506
"23","GP 1","Tsc2_LE_Het","Alone",300,20,"BBN TH",5,310.933897435897
"24","GP 1","Tsc2_LE_Het","Alone",300,25,"BBN TH",3,249.018528455285
"25","GP 1","Tsc2_LE_Het","Rotating",300,30,"BBN Rotating",4,296.996227979275
"26","GP 1","Tsc2_LE_Het","Alone",300,30,"BBN Rxn",5,201.727450777202
"27","GP 1","Tsc2_LE_Het","Alone",300,30,"BBN TH",5,208.836752475248
"28","GP 1","Tsc2_LE_Het","Alone",300,35,"BBN TH",3,183.728637795276
"29","GP 1","Tsc2_LE_Het","Rotating",300,40,"BBN Rotating",4,252.71823857868
"30","GP 1","Tsc2_LE_Het","Alone",300,40,"BBN Rxn",5,172.685502645503
"31","GP 1","Tsc2_LE_Het","Alone",300,40,"BBN TH",5,176.630435643564
"32","GP 1","Tsc2_LE_Het","Alone",300,45,"BBN TH",3,160.1626484375
"33","GP 1","Tsc2_LE_Het","Rotating",300,50,"BBN Rotating",4,235.513827411168
"34","GP 1","Tsc2_LE_Het","Alone",300,50,"BBN Rxn",5,152.107721052632
"35","GP 1","Tsc2_LE_Het","Alone",300,50,"BBN TH",2,156.438789473684
"36","GP 1","Tsc2_LE_Het","Rotating",300,60,"BBN Rotating",4,239.346215384615
"37","GP 1","Tsc2_LE_Het","Alone",300,60,"BBN Rxn",5,122.232068783069
"38","GP 1","Tsc2_LE_Het","Alone",300,60,"BBN TH",2,121.931565789474
"39","GP 1","Tsc2_LE_Het","Rotating",300,70,"BBN Rotating",4,213.360833333333
"40","GP 1","Tsc2_LE_Het","Alone",300,70,"BBN Rxn",5,102.54718556701
"41","GP 1","Tsc2_LE_Het","Alone",300,70,"BBN TH",2,87.8439746835443
"42","GP 1","Tsc2_LE_Het","Rotating",300,80,"BBN Rotating",4,177.826572864322
"43","GP 1","Tsc2_LE_Het","Alone",300,80,"BBN Rxn",5,63.197618556701
"44","GP 1","Tsc2_LE_Het","Mix",50,30,"BBN Rxn",3,323.868081081081
"45","GP 1","Tsc2_LE_Het","Mix",50,30,"BBN TH",3,306.893433333333
"46","GP 1","Tsc2_LE_Het","Mix",50,35,"BBN TH",1,211.383090909091
"47","GP 1","Tsc2_LE_Het","Mix",50,40,"BBN Rxn",3,258.932844444444
"48","GP 1","Tsc2_LE_Het","Mix",50,40,"BBN TH",3,259.108536585366
"49","GP 1","Tsc2_LE_Het","Mix",50,45,"BBN TH",1,231.950076923077
"50","GP 1","Tsc2_LE_Het","Mix",50,50,"BBN Rxn",3,268.869276595745
"51","GP 1","Tsc2_LE_Het","Mix",50,50,"BBN TH",2,240.862222222222
"52","GP 1","Tsc2_LE_Het","Mix",50,60,"BBN Rxn",3,243.05385106383
"53","GP 1","Tsc2_LE_Het","Mix",50,60,"BBN TH",2,273.377962962963
"54","GP 1","Tsc2_LE_Het","Mix",50,70,"BBN Rxn",3,256.439466666667
"55","GP 1","Tsc2_LE_Het","Mix",50,70,"BBN TH",2,265.264481481481
"56","GP 1","Tsc2_LE_Het","Mix",50,80,"BBN Rxn",3,212.203955555556
"57","GP 1","Tsc2_LE_Het","Mix",100,25,"BBN TH",1,303.2058
"58","GP 1","Tsc2_LE_Het","Mix",100,30,"BBN Rxn",3,278.551558139535
"59","GP 1","Tsc2_LE_Het","Mix",100,30,"BBN TH",3,273.232
"60","GP 1","Tsc2_LE_Het","Mix",100,35,"BBN TH",1,238.37625
"61","GP 1","Tsc2_LE_Het","Mix",100,40,"BBN Rxn",3,275.38047826087
"62","GP 1","Tsc2_LE_Het","Mix",100,40,"BBN TH",3,256.663564102564
"63","GP 1","Tsc2_LE_Het","Mix",100,45,"BBN TH",1,277.798230769231
"64","GP 1","Tsc2_LE_Het","Mix",100,50,"BBN Rxn",3,256.593326086956
"65","GP 1","Tsc2_LE_Het","Mix",100,50,"BBN TH",2,254.863222222222
"66","GP 1","Tsc2_LE_Het","Mix",100,60,"BBN Rxn",3,247.709266666667
"67","GP 1","Tsc2_LE_Het","Mix",100,60,"BBN TH",2,269.191925925926
"68","GP 1","Tsc2_LE_Het","Mix",100,70,"BBN Rxn",3,225.90652173913
"69","GP 1","Tsc2_LE_Het","Mix",100,70,"BBN TH",2,265.997740740741
"70","GP 1","Tsc2_LE_Het","Mix",100,80,"BBN Rxn",3,218.571760869565
"71","GP 1","Tsc2_LE_Het","Mix",300,20,"BBN Rxn",3,500.512
"72","GP 1","Tsc2_LE_Het","Mix",300,20,"BBN TH",3,448.690954545455
"73","GP 1","Tsc2_LE_Het","Mix",300,25,"BBN TH",1,307.38475
"74","GP 1","Tsc2_LE_Het","Mix",300,30,"BBN Rxn",3,274.782066666667
"75","GP 1","Tsc2_LE_Het","Mix",300,30,"BBN TH",3,275.452282051282
"76","GP 1","Tsc2_LE_Het","Mix",300,35,"BBN TH",1,264.0615
"77","GP 1","Tsc2_LE_Het","Mix",300,40,"BBN Rxn",3,244.42852173913
"78","GP 1","Tsc2_LE_Het","Mix",300,40,"BBN TH",3,252.8761
"79","GP 1","Tsc2_LE_Het","Mix",300,45,"BBN TH",1,276.319846153846
"80","GP 1","Tsc2_LE_Het","Mix",300,50,"BBN Rxn",3,234.079723404255
"81","GP 1","Tsc2_LE_Het","Mix",300,50,"BBN TH",2,268.740851851852
"82","GP 1","Tsc2_LE_Het","Mix",300,60,"BBN Rxn",3,252.616173913043
"83","GP 1","Tsc2_LE_Het","Mix",300,60,"BBN TH",2,205.220851851852
"84","GP 1","Tsc2_LE_Het","Mix",300,70,"BBN Rxn",3,211.425065217391
"85","GP 1","Tsc2_LE_Het","Mix",300,70,"BBN TH",2,234.503814814815
"86","GP 1","Tsc2_LE_Het","Mix",300,80,"BBN Rxn",3,190.57352173913
"87","GP 1","Tsc2_LE_Het","Rotating",50,30,"BBN Rotating",4,351.90723015873
"88","GP 1","Tsc2_LE_Het","Alone",50,30,"BBN Rxn",6,306.349285714286
"89","GP 1","Tsc2_LE_Het","Alone",50,30,"BBN TH",6,314.289205741627
"90","GP 1","Tsc2_LE_Het","Alone",50,35,"BBN TH",4,268.270537313433
"91","GP 1","Tsc2_LE_Het","Rotating",50,40,"BBN Rotating",4,289.004761111111
"92","GP 1","Tsc2_LE_Het","Alone",50,40,"BBN Rxn",6,235.006874045802
"93","GP 1","Tsc2_LE_Het","Alone",50,40,"BBN TH",6,234.466244725738
"94","GP 1","Tsc2_LE_Het","Alone",50,45,"BBN TH",4,223.023120567376
"95","GP 1","Tsc2_LE_Het","Rotating",50,50,"BBN Rotating",4,260.373447368421
"96","GP 1","Tsc2_LE_Het","Alone",50,50,"BBN Rxn",6,212.379640151515
"97","GP 1","Tsc2_LE_Het","Alone",50,50,"BBN TH",2,202.762020618557
"98","GP 1","Tsc2_LE_Het","Rotating",50,60,"BBN Rotating",4,276.410984293194
"99","GP 1","Tsc2_LE_Het","Alone",50,60,"BBN Rxn",6,196.783766037736
"100","GP 1","Tsc2_LE_Het","Alone",50,60,"BBN TH",2,202.642680412371
"101","GP 1","Tsc2_LE_Het","Rotating",50,70,"BBN Rotating",4,252.743668421053
"102","GP 1","Tsc2_LE_Het","Alone",50,70,"BBN Rxn",6,181.09575
"103","GP 1","Tsc2_LE_Het","Alone",50,70,"BBN TH",2,171.843979166667
"104","GP 1","Tsc2_LE_Het","Rotating",50,80,"BBN Rotating",4,238.37434375
"105","GP 1","Tsc2_LE_Het","Alone",50,80,"BBN Rxn",6,130.892372180451
"106","GP 2","Tsc2_LE_WT","Rotating",100,30,"BBN Rotating",4,401.776385542169
"107","GP 2","Tsc2_LE_WT","Alone",100,30,"BBN Rxn",5,297.67184375
"108","GP 2","Tsc2_LE_WT","Alone",100,30,"BBN TH",6,325.898005235602
"109","GP 2","Tsc2_LE_WT","Alone",100,35,"BBN TH",3,282.9527
"110","GP 2","Tsc2_LE_WT","Rotating",100,40,"BBN Rotating",4,402.285704918033
"111","GP 2","Tsc2_LE_WT","Alone",100,40,"BBN Rxn",5,269.402772413793
"112","GP 2","Tsc2_LE_WT","Alone",100,40,"BBN TH",6,269.655796536797
"113","GP 2","Tsc2_LE_WT","Alone",100,45,"BBN TH",3,271.437142857143
"114","GP 2","Tsc2_LE_WT","Rotating",100,50,"BBN Rotating",4,381.926040983607
"115","GP 2","Tsc2_LE_WT","Alone",100,50,"BBN Rxn",5,258.382895104895
"116","GP 2","Tsc2_LE_WT","Alone",100,50,"BBN TH",3,245.580542372881
"117","GP 2","Tsc2_LE_WT","Rotating",100,60,"BBN Rotating",4,409.566575
"118","GP 2","Tsc2_LE_WT","Alone",100,60,"BBN Rxn",5,246.15475177305
"119","GP 2","Tsc2_LE_WT","Alone",100,60,"BBN TH",3,241.5499
"120","GP 2","Tsc2_LE_WT","Rotating",100,70,"BBN Rotating",4,393.699888
"121","GP 2","Tsc2_LE_WT","Alone",100,70,"BBN Rxn",5,232.614869863014
"122","GP 2","Tsc2_LE_WT","Alone",100,70,"BBN TH",3,239.015627118644
"123","GP 2","Tsc2_LE_WT","Rotating",100,80,"BBN Rotating",4,348.479601626016
"124","GP 2","Tsc2_LE_WT","Alone",100,80,"BBN Rxn",5,224.46756462585
"125","GP 2","Tsc2_LE_WT","Rotating",300,20,"BBN Rotating",4,873.94225
"126","GP 2","Tsc2_LE_WT","Alone",300,20,"BBN Rxn",5,534.063444444444
"127","GP 2","Tsc2_LE_WT","Alone",300,20,"BBN TH",4,460.396609375
"128","GP 2","Tsc2_LE_WT","Alone",300,25,"BBN TH",2,338.777594202899
"129","GP 2","Tsc2_LE_WT","Rotating",300,30,"BBN Rotating",4,390.561481203008
"130","GP 2","Tsc2_LE_WT","Alone",300,30,"BBN Rxn",5,297.787163522013
"131","GP 2","Tsc2_LE_WT","Alone",300,30,"BBN TH",4,293.355152173913
"132","GP 2","Tsc2_LE_WT","Alone",300,35,"BBN TH",2,239.853931506849
"133","GP 2","Tsc2_LE_WT","Rotating",300,40,"BBN Rotating",4,341.50784
"134","GP 2","Tsc2_LE_WT","Alone",300,40,"BBN Rxn",5,246.429567741935
"135","GP 2","Tsc2_LE_WT","Alone",300,40,"BBN TH",4,239.892064748201
"136","GP 2","Tsc2_LE_WT","Alone",300,45,"BBN TH",2,226.911273972603
"137","GP 2","Tsc2_LE_WT","Rotating",300,50,"BBN Rotating",4,342.187085526316
"138","GP 2","Tsc2_LE_WT","Alone",300,50,"BBN Rxn",5,230.881841772152
"139","GP 2","Tsc2_LE_WT","Alone",300,50,"BBN TH",2,221.758014925373
"140","GP 2","Tsc2_LE_WT","Rotating",300,60,"BBN Rotating",4,385.166013422819
"141","GP 2","Tsc2_LE_WT","Alone",300,60,"BBN Rxn",5,216.868788819876
"142","GP 2","Tsc2_LE_WT","Alone",300,60,"BBN TH",2,198.817671641791
"143","GP 2","Tsc2_LE_WT","Rotating",300,70,"BBN Rotating",4,343.2685
"144","GP 2","Tsc2_LE_WT","Alone",300,70,"BBN Rxn",5,198.810155279503
"145","GP 2","Tsc2_LE_WT","Alone",300,70,"BBN TH",2,187.900776119403
"146","GP 2","Tsc2_LE_WT","Rotating",300,80,"BBN Rotating",4,328.681675324675
"147","GP 2","Tsc2_LE_WT","Alone",300,80,"BBN Rxn",5,173.706503144654
"148","GP 2","Tsc2_LE_WT","Mix",50,40,"BBN Rxn",2,393.680476190476
"149","GP 2","Tsc2_LE_WT","Mix",50,50,"BBN Rxn",2,409.5598
"150","GP 2","Tsc2_LE_WT","Mix",50,60,"BBN Rxn",2,405.227086956522
"151","GP 2","Tsc2_LE_WT","Mix",50,70,"BBN Rxn",2,399.790363636364
"152","GP 2","Tsc2_LE_WT","Mix",50,80,"BBN Rxn",2,401.041619047619
"153","GP 2","Tsc2_LE_WT","Mix",100,30,"BBN Rxn",2,396.950947368421
"154","GP 2","Tsc2_LE_WT","Mix",100,40,"BBN Rxn",2,360.146571428571
"155","GP 2","Tsc2_LE_WT","Mix",100,50,"BBN Rxn",2,403.382090909091
"156","GP 2","Tsc2_LE_WT","Mix",100,60,"BBN Rxn",2,385.260652173913
"157","GP 2","Tsc2_LE_WT","Mix",100,70,"BBN Rxn",2,348.738454545455
"158","GP 2","Tsc2_LE_WT","Mix",100,80,"BBN Rxn",2,338.3025
"159","GP 2","Tsc2_LE_WT","Mix",300,20,"BBN Rxn",2,456.788333333333
"160","GP 2","Tsc2_LE_WT","Mix",300,30,"BBN Rxn",2,417.149526315789
"161","GP 2","Tsc2_LE_WT","Mix",300,40,"BBN Rxn",2,362.357454545455
"162","GP 2","Tsc2_LE_WT","Mix",300,50,"BBN Rxn",2,383.402782608696
"163","GP 2","Tsc2_LE_WT","Mix",300,60,"BBN Rxn",2,393.176954545455
"164","GP 2","Tsc2_LE_WT","Mix",300,70,"BBN Rxn",2,323.088217391304
"165","GP 2","Tsc2_LE_WT","Mix",300,80,"BBN Rxn",2,284.182375
"166","GP 2","Tsc2_LE_WT","Alone",50,35,"BBN TH",3,336.956725663717
"167","GP 2","Tsc2_LE_WT","Rotating",50,40,"BBN Rotating",4,361.307578512397
"168","GP 2","Tsc2_LE_WT","Alone",50,40,"BBN Rxn",7,327.773416342412
"169","GP 2","Tsc2_LE_WT","Alone",50,40,"BBN TH",5,332.819985
"170","GP 2","Tsc2_LE_WT","Alone",50,45,"BBN TH",3,309.266726495727
"171","GP 2","Tsc2_LE_WT","Rotating",50,50,"BBN Rotating",4,371.2263828125
"172","GP 2","Tsc2_LE_WT","Alone",50,50,"BBN Rxn",7,331.11255513308
"173","GP 2","Tsc2_LE_WT","Alone",50,50,"BBN TH",2,338.462768292683
"174","GP 2","Tsc2_LE_WT","Rotating",50,60,"BBN Rotating",4,361.300138461538
"175","GP 2","Tsc2_LE_WT","Alone",50,60,"BBN Rxn",7,335.235044117647
"176","GP 2","Tsc2_LE_WT","Alone",50,60,"BBN TH",2,344.399571428571
"177","GP 2","Tsc2_LE_WT","Rotating",50,70,"BBN Rotating",4,353.325569230769
"178","GP 2","Tsc2_LE_WT","Alone",50,70,"BBN Rxn",7,322.436183150183
"179","GP 2","Tsc2_LE_WT","Alone",50,70,"BBN TH",2,318.331493975904
"180","GP 2","Tsc2_LE_WT","Rotating",50,80,"BBN Rotating",4,317.940054263566
"181","GP 2","Tsc2_LE_WT","Alone",50,80,"BBN Rxn",7,326.714072727273
"182","GP 3","Tsc2_LE_Het","Alone",100,25,"BBN TH",3,327.697564814815
"183","GP 3","Tsc2_LE_Het","Alone",100,30,"BBN Rxn",5,367.715009389671
"184","GP 3","Tsc2_LE_Het","Alone",100,30,"BBN TH",5,350.197328502415
"185","GP 3","Tsc2_LE_Het","Alone",100,35,"BBN TH",3,345.830818897638
"186","GP 3","Tsc2_LE_Het","Alone",100,40,"BBN Rxn",5,343.187653153153
"187","GP 3","Tsc2_LE_Het","Alone",100,40,"BBN TH",5,335.972857142857
"188","GP 3","Tsc2_LE_Het","Alone",100,45,"BBN TH",3,325.311984375
"189","GP 3","Tsc2_LE_Het","Alone",100,50,"BBN Rxn",5,334.210808035714
"190","GP 3","Tsc2_LE_Het","Alone",100,50,"BBN TH",2,322.384733333333
"191","GP 3","Tsc2_LE_Het","Alone",100,60,"BBN Rxn",5,335.149858447489
"192","GP 3","Tsc2_LE_Het","Alone",100,60,"BBN TH",2,315.54602247191
"193","GP 3","Tsc2_LE_Het","Alone",100,70,"BBN Rxn",5,324.121951111111
"194","GP 3","Tsc2_LE_Het","Alone",100,70,"BBN TH",2,274.509842696629
"195","GP 3","Tsc2_LE_Het","Alone",100,80,"BBN Rxn",5,275.520628318584
"196","GP 3","Tsc2_LE_Het","Rotating",300,20,"BBN Rotating",1,480.169368421053
"197","GP 3","Tsc2_LE_Het","Alone",300,20,"BBN Rxn",5,440.3328125
"198","GP 3","Tsc2_LE_Het","Alone",300,20,"BBN TH",5,483.830294964029
"199","GP 3","Tsc2_LE_Het","Alone",300,25,"BBN TH",3,348.525508064516
"200","GP 3","Tsc2_LE_Het","Rotating",300,30,"BBN Rotating",1,396.263
"201","GP 3","Tsc2_LE_Het","Alone",300,30,"BBN Rxn",5,305.678716981132
"202","GP 3","Tsc2_LE_Het","Alone",300,30,"BBN TH",5,309.04536407767
"203","GP 3","Tsc2_LE_Het","Alone",300,35,"BBN TH",3,310.835821138211
"204","GP 3","Tsc2_LE_Het","Rotating",300,40,"BBN Rotating",1,377.92185106383
"205","GP 3","Tsc2_LE_Het","Alone",300,40,"BBN Rxn",5,255.509258373206
"206","GP 3","Tsc2_LE_Het","Alone",300,40,"BBN TH",5,286.368936893204
"207","GP 3","Tsc2_LE_Het","Alone",300,45,"BBN TH",3,277.373619047619
"208","GP 3","Tsc2_LE_Het","Rotating",300,50,"BBN Rotating",1,370.863212765957
"209","GP 3","Tsc2_LE_Het","Alone",300,50,"BBN Rxn",5,255.969023474178
"210","GP 3","Tsc2_LE_Het","Alone",300,50,"BBN TH",2,307.633395061728
"211","GP 3","Tsc2_LE_Het","Rotating",300,60,"BBN Rotating",1,387.875854166667
"212","GP 3","Tsc2_LE_Het","Alone",300,60,"BBN Rxn",5,203.781117924528
"213","GP 3","Tsc2_LE_Het","Alone",300,60,"BBN TH",2,221.025963414634
"214","GP 3","Tsc2_LE_Het","Rotating",300,70,"BBN Rotating",1,345.941936170213
"215","GP 3","Tsc2_LE_Het","Alone",300,70,"BBN Rxn",5,176.051928571429
"216","GP 3","Tsc2_LE_Het","Alone",300,70,"BBN TH",2,191.726317073171
"217","GP 3","Tsc2_LE_Het","Rotating",300,80,"BBN Rotating",1,365.809520833333
"218","GP 3","Tsc2_LE_Het","Alone",300,80,"BBN Rxn",5,120.543794258373
"219","GP 3","Tsc2_LE_Het","Alone",50,25,"BBN TH",3,392.3192
"220","GP 3","Tsc2_LE_Het","Rotating",50,30,"BBN Rotating",1,337.518568181818
"221","GP 3","Tsc2_LE_Het","Alone",50,30,"BBN Rxn",6,405.075636015326
"222","GP 3","Tsc2_LE_Het","Alone",50,30,"BBN TH",5,388.844954751131
"223","GP 3","Tsc2_LE_Het","Alone",50,35,"BBN TH",3,364.52100729927
"224","GP 3","Tsc2_LE_Het","Rotating",50,40,"BBN Rotating",1,387.000425531915
"225","GP 3","Tsc2_LE_Het","Alone",50,40,"BBN Rxn",6,394.159404761905
"226","GP 3","Tsc2_LE_Het","Alone",50,40,"BBN TH",5,376.954642241379
"227","GP 3","Tsc2_LE_Het","Alone",50,45,"BBN TH",3,368.604905109489
"228","GP 3","Tsc2_LE_Het","Rotating",50,50,"BBN Rotating",1,375.302260869565
"229","GP 3","Tsc2_LE_Het","Alone",50,50,"BBN Rxn",6,415.697109215017
"230","GP 3","Tsc2_LE_Het","Alone",50,50,"BBN TH",2,419.490422680412
"231","GP 3","Tsc2_LE_Het","Rotating",50,60,"BBN Rotating",1,365.987652173913
"232","GP 3","Tsc2_LE_Het","Alone",50,60,"BBN Rxn",6,412.120380952381
"233","GP 3","Tsc2_LE_Het","Alone",50,60,"BBN TH",2,390.453239583333
"234","GP 3","Tsc2_LE_Het","Rotating",50,70,"BBN Rotating",1,411.080347826087
"235","GP 3","Tsc2_LE_Het","Alone",50,70,"BBN Rxn",6,410.12213220339
"236","GP 3","Tsc2_LE_Het","Alone",50,70,"BBN TH",2,421.094125
"237","GP 3","Tsc2_LE_Het","Rotating",50,80,"BBN Rotating",1,345.954173913043
"238","GP 3","Tsc2_LE_Het","Alone",50,80,"BBN Rxn",6,393.658559322034
"239","RP 1","Tsc2_LE_WT","Alone",100,25,"BBN TH",3,311.555433333333
"240","RP 1","Tsc2_LE_WT","Alone",100,30,"BBN Rxn",5,239.867305882353
"241","RP 1","Tsc2_LE_WT","Alone",100,30,"BBN TH",5,246.685988700565
"242","RP 1","Tsc2_LE_WT","Alone",100,35,"BBN TH",3,228.364401960784
"243","RP 1","Tsc2_LE_WT","Alone",100,40,"BBN Rxn",5,204.938879310345
"244","RP 1","Tsc2_LE_WT","Alone",100,40,"BBN TH",5,227.130348314607
"245","RP 1","Tsc2_LE_WT","Alone",100,45,"BBN TH",3,212.930693069307
"246","RP 1","Tsc2_LE_WT","Alone",100,50,"BBN Rxn",5,201.446488505747
"247","RP 1","Tsc2_LE_WT","Alone",100,50,"BBN TH",2,214.513868421053
"248","RP 1","Tsc2_LE_WT","Alone",100,60,"BBN Rxn",5,170.867912790698
"249","RP 1","Tsc2_LE_WT","Alone",100,60,"BBN TH",2,158.406513157895
"250","RP 1","Tsc2_LE_WT","Alone",100,70,"BBN Rxn",5,153.526643678161
"251","RP 1","Tsc2_LE_WT","Alone",100,70,"BBN TH",2,140.2695
"252","RP 1","Tsc2_LE_WT","Alone",100,80,"BBN Rxn",5,104.511620689655
"253","RP 1","Tsc2_LE_WT","Alone",300,20,"BBN Rxn",6,390.412168831169
"254","RP 1","Tsc2_LE_WT","Alone",300,20,"BBN TH",6,390.196353658537
"255","RP 1","Tsc2_LE_WT","Alone",300,25,"BBN TH",3,273.063314285714
"256","RP 1","Tsc2_LE_WT","Alone",300,30,"BBN Rxn",6,213.760885572139
"257","RP 1","Tsc2_LE_WT","Alone",300,30,"BBN TH",6,222.479251162791
"258","RP 1","Tsc2_LE_WT","Alone",300,35,"BBN TH",3,232.594424528302
"259","RP 1","Tsc2_LE_WT","Alone",300,40,"BBN Rxn",6,198.831050251256
"260","RP 1","Tsc2_LE_WT","Alone",300,40,"BBN TH",6,189.473644859813
"261","RP 1","Tsc2_LE_WT","Alone",300,45,"BBN TH",2,174.259845070423
"262","RP 1","Tsc2_LE_WT","Alone",300,50,"BBN Rxn",6,194.055025125628
"263","RP 1","Tsc2_LE_WT","Alone",300,50,"BBN TH",3,195.089330275229
"264","RP 1","Tsc2_LE_WT","Alone",300,60,"BBN Rxn",6,169.367702970297
"265","RP 1","Tsc2_LE_WT","Alone",300,60,"BBN TH",3,203.119684684685
"266","RP 1","Tsc2_LE_WT","Alone",300,70,"BBN Rxn",6,125.18802
"267","RP 1","Tsc2_LE_WT","Alone",300,70,"BBN TH",3,135.566275229358
"268","RP 1","Tsc2_LE_WT","Alone",300,80,"BBN Rxn",6,86.0537263681592
"269","RP 1","Tsc2_LE_WT","Mix",50,30,"BBN Rxn",10,390.415201754386
"270","RP 1","Tsc2_LE_WT","Mix",50,30,"BBN TH",5,301.270823529412
"271","RP 1","Tsc2_LE_WT","Mix",50,35,"BBN TH",3,297.90365
"272","RP 1","Tsc2_LE_WT","Mix",50,40,"BBN Rxn",10,306.186
"273","RP 1","Tsc2_LE_WT","Mix",50,40,"BBN TH",5,293.666842857143
"274","RP 1","Tsc2_LE_WT","Mix",50,45,"BBN TH",3,278.273547619048
"275","RP 1","Tsc2_LE_WT","Mix",50,50,"BBN Rxn",10,272.970478873239
"276","RP 1","Tsc2_LE_WT","Mix",50,50,"BBN TH",2,279.11
"277","RP 1","Tsc2_LE_WT","Mix",50,60,"BBN Rxn",10,272.238131386861
"278","RP 1","Tsc2_LE_WT","Mix",50,60,"BBN TH",2,293.122689655172
"279","RP 1","Tsc2_LE_WT","Mix",50,70,"BBN Rxn",10,272.282382352941
"280","RP 1","Tsc2_LE_WT","Mix",50,70,"BBN TH",2,297.266931034483
"281","RP 1","Tsc2_LE_WT","Mix",50,80,"BBN Rxn",10,238.707201438849
"282","RP 1","Tsc2_LE_WT","Mix",100,25,"BBN TH",3,365.948121212121
"283","RP 1","Tsc2_LE_WT","Mix",100,30,"BBN Rxn",10,342.458921259842
"284","RP 1","Tsc2_LE_WT","Mix",100,30,"BBN TH",5,323.195014492754
"285","RP 1","Tsc2_LE_WT","Mix",100,35,"BBN TH",3,271.541878048781
"286","RP 1","Tsc2_LE_WT","Mix",100,40,"BBN Rxn",10,298.319926470588
"287","RP 1","Tsc2_LE_WT","Mix",100,40,"BBN TH",5,298.204916666667
"288","RP 1","Tsc2_LE_WT","Mix",100,45,"BBN TH",3,283.008357142857
"289","RP 1","Tsc2_LE_WT","Mix",100,50,"BBN Rxn",10,286.419522058824
"290","RP 1","Tsc2_LE_WT","Mix",100,50,"BBN TH",2,285.3822
"291","RP 1","Tsc2_LE_WT","Mix",100,60,"BBN Rxn",10,274.287514492754
"292","RP 1","Tsc2_LE_WT","Mix",100,60,"BBN TH",2,271.449724137931
"293","RP 1","Tsc2_LE_WT","Mix",100,70,"BBN Rxn",10,264.067221428571
"294","RP 1","Tsc2_LE_WT","Mix",100,70,"BBN TH",2,232.417965517241
"295","RP 1","Tsc2_LE_WT","Mix",100,80,"BBN Rxn",10,226.165165467626
"296","RP 1","Tsc2_LE_WT","Mix",300,20,"BBN Rxn",10,580.487407407407
"297","RP 1","Tsc2_LE_WT","Mix",300,20,"BBN TH",5,535.266676470588
"298","RP 1","Tsc2_LE_WT","Mix",300,25,"BBN TH",3,321.192075
"299","RP 1","Tsc2_LE_WT","Mix",300,30,"BBN Rxn",10,312.633316546763
"300","RP 1","Tsc2_LE_WT","Mix",300,30,"BBN TH",5,274.130885714286
"301","RP 1","Tsc2_LE_WT","Mix",300,35,"BBN TH",3,295.102097560976
"302","RP 1","Tsc2_LE_WT","Mix",300,40,"BBN Rxn",10,282.11034057971
"303","RP 1","Tsc2_LE_WT","Mix",300,40,"BBN TH",5,279.566071428571
"304","RP 1","Tsc2_LE_WT","Mix",300,45,"BBN TH",3,285.362142857143
"305","RP 1","Tsc2_LE_WT","Mix",300,50,"BBN Rxn",10,280.173644927536
"306","RP 1","Tsc2_LE_WT","Mix",300,50,"BBN TH",2,302.733366666667
"307","RP 1","Tsc2_LE_WT","Mix",300,60,"BBN Rxn",10,258.46299270073
"308","RP 1","Tsc2_LE_WT","Mix",300,60,"BBN TH",2,277.432068965517
"309","RP 1","Tsc2_LE_WT","Mix",300,70,"BBN Rxn",10,249.241551470588
"310","RP 1","Tsc2_LE_WT","Mix",300,70,"BBN TH",2,234.689533333333
"311","RP 1","Tsc2_LE_WT","Mix",300,80,"BBN Rxn",10,217.184789855072
"312","RP 1","Tsc2_LE_WT","Alone",50,30,"BBN Rxn",7,320.599352713178
"313","RP 1","Tsc2_LE_WT","Alone",50,30,"BBN TH",5,283.677049295775
"314","RP 1","Tsc2_LE_WT","Alone",50,35,"BBN TH",3,257.274291139241
"315","RP 1","Tsc2_LE_WT","Alone",50,40,"BBN Rxn",7,274.223109022556
"316","RP 1","Tsc2_LE_WT","Alone",50,40,"BBN TH",5,279.69531292517
"317","RP 1","Tsc2_LE_WT","Alone",50,45,"BBN TH",3,261.630734177215
"318","RP 1","Tsc2_LE_WT","Alone",50,50,"BBN Rxn",7,281.327134615385
"319","RP 1","Tsc2_LE_WT","Alone",50,50,"BBN TH",2,264.210447761194
"320","RP 1","Tsc2_LE_WT","Alone",50,60,"BBN Rxn",7,267.36297338403
"321","RP 1","Tsc2_LE_WT","Alone",50,60,"BBN TH",2,237.019181818182
"322","RP 1","Tsc2_LE_WT","Alone",50,70,"BBN Rxn",7,248.564803030303
"323","RP 1","Tsc2_LE_WT","Alone",50,70,"BBN TH",2,243.098363636364
"324","RP 1","Tsc2_LE_WT","Alone",50,80,"BBN Rxn",7,236.466075757576
"325","RP 2","Tsc2_LE_Het","Alone",100,20,"BBN Rxn",4,523.884691056911
"326","RP 2","Tsc2_LE_Het","Alone",100,20,"BBN TH",5,500.422029411765
"327","RP 2","Tsc2_LE_Het","Alone",100,25,"BBN TH",3,406.340367924528
"328","RP 2","Tsc2_LE_Het","Alone",100,30,"BBN Rxn",4,238.653236263736
"329","RP 2","Tsc2_LE_Het","Alone",100,30,"BBN TH",5,235.248583783784
"330","RP 2","Tsc2_LE_Het","Alone",100,35,"BBN TH",3,238.031092592593
"331","RP 2","Tsc2_LE_Het","Alone",100,40,"BBN Rxn",4,228.478675824176
"332","RP 2","Tsc2_LE_Het","Alone",100,40,"BBN TH",5,201.934557377049
"333","RP 2","Tsc2_LE_Het","Alone",100,45,"BBN TH",3,192.722936363636
"334","RP 2","Tsc2_LE_Het","Alone",100,50,"BBN Rxn",4,197.060784530387
"335","RP 2","Tsc2_LE_Het","Alone",100,50,"BBN TH",2,175.022157894737
"336","RP 2","Tsc2_LE_Het","Alone",100,60,"BBN Rxn",4,186.091413043478
"337","RP 2","Tsc2_LE_Het","Alone",100,60,"BBN TH",2,165.286053333333
"338","RP 2","Tsc2_LE_Het","Alone",100,70,"BBN Rxn",4,160.241683333333
"339","RP 2","Tsc2_LE_Het","Alone",100,70,"BBN TH",2,156.974186666667
"340","RP 2","Tsc2_LE_Het","Alone",100,80,"BBN Rxn",4,119.101866666667
"341","RP 2","Tsc2_LE_Het","Alone",300,20,"BBN Rxn",7,412.812498084291
"342","RP 2","Tsc2_LE_Het","Alone",300,20,"BBN TH",5,371.316609756098
"343","RP 2","Tsc2_LE_Het","Alone",300,25,"BBN TH",3,245.091310344828
"344","RP 2","Tsc2_LE_Het","Alone",300,30,"BBN Rxn",8,236.514147826087
"345","RP 2","Tsc2_LE_Het","Alone",300,30,"BBN TH",5,207.019547738693
"346","RP 2","Tsc2_LE_Het","Alone",300,35,"BBN TH",3,191.165974358974
"347","RP 2","Tsc2_LE_Het","Alone",300,40,"BBN Rxn",8,186.230760932945
"348","RP 2","Tsc2_LE_Het","Alone",300,40,"BBN TH",5,181.758655
"349","RP 2","Tsc2_LE_Het","Alone",300,45,"BBN TH",2,155.003024096386
"350","RP 2","Tsc2_LE_Het","Alone",300,50,"BBN Rxn",8,187.114479651163
"351","RP 2","Tsc2_LE_Het","Alone",300,50,"BBN TH",2,155.266012658228
"352","RP 2","Tsc2_LE_Het","Alone",300,60,"BBN Rxn",8,155.425794797688
"353","RP 2","Tsc2_LE_Het","Alone",300,60,"BBN TH",2,136.04755
"354","RP 2","Tsc2_LE_Het","Alone",300,70,"BBN Rxn",8,126.188159883721
"355","RP 2","Tsc2_LE_Het","Alone",300,70,"BBN TH",2,90.58465
"356","RP 2","Tsc2_LE_Het","Alone",300,80,"BBN Rxn",8,75.8021855072464
"357","RP 2","Tsc2_LE_Het","Alone",300,90,"BBN Rxn",1,46.0118444444444
"358","RP 2","Tsc2_LE_Het","Mix",50,30,"BBN Rxn",3,313.237511627907
"359","RP 2","Tsc2_LE_Het","Mix",50,40,"BBN Rxn",3,266.635204081633
"360","RP 2","Tsc2_LE_Het","Mix",50,50,"BBN Rxn",3,259.510234042553
"361","RP 2","Tsc2_LE_Het","Mix",50,60,"BBN Rxn",3,292.843979166667
"362","RP 2","Tsc2_LE_Het","Mix",50,70,"BBN Rxn",3,270.827795918367
"363","RP 2","Tsc2_LE_Het","Mix",50,80,"BBN Rxn",3,295.6459375
"364","RP 2","Tsc2_LE_Het","Mix",50,90,"BBN Rxn",1,257.0285625
"365","RP 2","Tsc2_LE_Het","Mix",100,20,"BBN Rxn",2,727.645090909091
"366","RP 2","Tsc2_LE_Het","Mix",100,30,"BBN Rxn",3,281.597604166667
"367","RP 2","Tsc2_LE_Het","Mix",100,40,"BBN Rxn",3,274.401448979592
"368","RP 2","Tsc2_LE_Het","Mix",100,50,"BBN Rxn",3,257.233916666667
"369","RP 2","Tsc2_LE_Het","Mix",100,60,"BBN Rxn",3,239.230791666667
"370","RP 2","Tsc2_LE_Het","Mix",100,70,"BBN Rxn",3,277.903744680851
"371","RP 2","Tsc2_LE_Het","Mix",100,80,"BBN Rxn",3,300.376816326531
"372","RP 2","Tsc2_LE_Het","Mix",100,90,"BBN Rxn",1,239.9394375
"373","RP 2","Tsc2_LE_Het","Mix",300,20,"BBN Rxn",2,427.870227272727
"374","RP 2","Tsc2_LE_Het","Mix",300,30,"BBN Rxn",3,295.322142857143
"375","RP 2","Tsc2_LE_Het","Mix",300,40,"BBN Rxn",3,274.575041666667
"376","RP 2","Tsc2_LE_Het","Mix",300,50,"BBN Rxn",3,241.485916666667
"377","RP 2","Tsc2_LE_Het","Mix",300,60,"BBN Rxn",3,253.209653061225
"378","RP 2","Tsc2_LE_Het","Mix",300,70,"BBN Rxn",3,263.7225
"379","RP 2","Tsc2_LE_Het","Mix",300,80,"BBN Rxn",3,239.458625
"380","RP 2","Tsc2_LE_Het","Mix",300,90,"BBN Rxn",1,221.1413125
"381","RP 2","Tsc2_LE_Het","Alone",50,25,"BBN TH",3,334.679094736842
"382","RP 2","Tsc2_LE_Het","Alone",50,30,"BBN Rxn",15,260.205286415712
"383","RP 2","Tsc2_LE_Het","Alone",50,30,"BBN TH",6,268.601477272727
"384","RP 2","Tsc2_LE_Het","Alone",50,35,"BBN TH",3,250.701508928571
"385","RP 2","Tsc2_LE_Het","Alone",50,40,"BBN Rxn",15,229.325892405063
"386","RP 2","Tsc2_LE_Het","Alone",50,40,"BBN TH",6,215.809915555556
"387","RP 2","Tsc2_LE_Het","Alone",50,45,"BBN TH",3,227.554009009009
"388","RP 2","Tsc2_LE_Het","Alone",50,50,"BBN Rxn",15,225.972359746434
"389","RP 2","Tsc2_LE_Het","Alone",50,50,"BBN TH",3,226.966017699115
"390","RP 2","Tsc2_LE_Het","Alone",50,60,"BBN Rxn",15,222.06683015873
"391","RP 2","Tsc2_LE_Het","Alone",50,60,"BBN TH",3,231.567982608696
"392","RP 2","Tsc2_LE_Het","Alone",50,70,"BBN Rxn",15,211.607879365079
"393","RP 2","Tsc2_LE_Het","Alone",50,70,"BBN TH",3,210.512736842105
"394","RP 2","Tsc2_LE_Het","Alone",50,80,"BBN Rxn",15,166.710685214626
"395","RP 2","Tsc2_LE_Het","Alone",50,90,"BBN Rxn",3,122.4062
"396","RP 3","Tsc2_LE_Het","Rotating",100,30,"BBN Rotating",6,383.658333333333
"397","RP 3","Tsc2_LE_Het","Alone",100,30,"BBN Rxn",5,370.510527607362
"398","RP 3","Tsc2_LE_Het","Alone",100,30,"BBN TH",5,358.858166666667
"399","RP 3","Tsc2_LE_Het","Alone",100,35,"BBN TH",3,314.375492537313
"400","RP 3","Tsc2_LE_Het","Rotating",100,40,"BBN Rotating",6,338.823326612903
"401","RP 3","Tsc2_LE_Het","Alone",100,40,"BBN Rxn",5,308.961160550459
"402","RP 3","Tsc2_LE_Het","Alone",100,40,"BBN TH",5,319.013476851852
"403","RP 3","Tsc2_LE_Het","Alone",100,45,"BBN TH",3,303.658342657343
"404","RP 3","Tsc2_LE_Het","Rotating",100,50,"BBN Rotating",6,341.545520491803
"405","RP 3","Tsc2_LE_Het","Alone",100,50,"BBN Rxn",5,286.970317391304
"406","RP 3","Tsc2_LE_Het","Alone",100,50,"BBN TH",2,304.239925
"407","RP 3","Tsc2_LE_Het","Rotating",100,60,"BBN Rotating",6,326.72116
"408","RP 3","Tsc2_LE_Het","Alone",100,60,"BBN Rxn",5,284.774117391304
"409","RP 3","Tsc2_LE_Het","Alone",100,60,"BBN TH",2,302.978240506329
"410","RP 3","Tsc2_LE_Het","Rotating",100,70,"BBN Rotating",6,322.640076305221
"411","RP 3","Tsc2_LE_Het","Alone",100,70,"BBN Rxn",5,267.44968558952
"412","RP 3","Tsc2_LE_Het","Alone",100,70,"BBN TH",2,314.749886075949
"413","RP 3","Tsc2_LE_Het","Rotating",100,80,"BBN Rotating",6,305.114109311741
"414","RP 3","Tsc2_LE_Het","Alone",100,80,"BBN Rxn",5,251.652630434783
"415","RP 3","Tsc2_LE_Het","Rotating",300,30,"BBN Rotating",4,362.942173184358
"416","RP 3","Tsc2_LE_Het","Alone",300,30,"BBN Rxn",5,409.04035625
"417","RP 3","Tsc2_LE_Het","Alone",300,30,"BBN TH",5,333.668875576037
"418","RP 3","Tsc2_LE_Het","Alone",300,35,"BBN TH",3,293.612830985915
"419","RP 3","Tsc2_LE_Het","Rotating",300,40,"BBN Rotating",4,327.744306451613
"420","RP 3","Tsc2_LE_Het","Alone",300,40,"BBN Rxn",5,283.248276995305
"421","RP 3","Tsc2_LE_Het","Alone",300,40,"BBN TH",5,258.825719827586
"422","RP 3","Tsc2_LE_Het","Alone",300,45,"BBN TH",3,252.048021126761
"423","RP 3","Tsc2_LE_Het","Rotating",300,50,"BBN Rotating",4,330.332086021505
"424","RP 3","Tsc2_LE_Het","Alone",300,50,"BBN Rxn",5,267.097511737089
"425","RP 3","Tsc2_LE_Het","Alone",300,50,"BBN TH",2,259.958681318681
"426","RP 3","Tsc2_LE_Het","Rotating",300,60,"BBN Rotating",4,327.996237837838
"427","RP 3","Tsc2_LE_Het","Alone",300,60,"BBN Rxn",5,261.124671361502
"428","RP 3","Tsc2_LE_Het","Alone",300,60,"BBN TH",2,226.701296703297
"429","RP 3","Tsc2_LE_Het","Rotating",300,70,"BBN Rotating",4,307.515427027027
"430","RP 3","Tsc2_LE_Het","Alone",300,70,"BBN Rxn",5,233.491769953052
"431","RP 3","Tsc2_LE_Het","Alone",300,70,"BBN TH",2,203.79343956044
"432","RP 3","Tsc2_LE_Het","Rotating",300,80,"BBN Rotating",4,299.204295698925
"433","RP 3","Tsc2_LE_Het","Alone",300,80,"BBN Rxn",5,219.767171296296
"434","RP 3","Tsc2_LE_Het","Mix",50,35,"BBN TH",3,308.97355
"435","RP 3","Tsc2_LE_Het","Mix",50,40,"BBN Rxn",7,330.346567307692
"436","RP 3","Tsc2_LE_Het","Mix",50,40,"BBN TH",5,332.255957142857
"437","RP 3","Tsc2_LE_Het","Mix",50,45,"BBN TH",3,308.670166666667
"438","RP 3","Tsc2_LE_Het","Mix",50,50,"BBN Rxn",7,320.623298076923
"439","RP 3","Tsc2_LE_Het","Mix",50,50,"BBN TH",2,298.087666666667
"440","RP 3","Tsc2_LE_Het","Mix",50,60,"BBN Rxn",7,324.37662745098
"441","RP 3","Tsc2_LE_Het","Mix",50,60,"BBN TH",2,300.904033333333
"442","RP 3","Tsc2_LE_Het","Mix",50,70,"BBN Rxn",7,314.441571428571
"443","RP 3","Tsc2_LE_Het","Mix",50,70,"BBN TH",2,288.202625
"444","RP 3","Tsc2_LE_Het","Mix",50,80,"BBN Rxn",7,307.156433962264
"445","RP 3","Tsc2_LE_Het","Mix",100,30,"BBN Rxn",7,380.858265957447
"446","RP 3","Tsc2_LE_Het","Mix",100,30,"BBN TH",5,409.0352
"447","RP 3","Tsc2_LE_Het","Mix",100,35,"BBN TH",3,330.649181818182
"448","RP 3","Tsc2_LE_Het","Mix",100,40,"BBN Rxn",7,340.678990291262
"449","RP 3","Tsc2_LE_Het","Mix",100,40,"BBN TH",5,315.710486486487
"450","RP 3","Tsc2_LE_Het","Mix",100,45,"BBN TH",3,343.184302325581
"451","RP 3","Tsc2_LE_Het","Mix",100,50,"BBN Rxn",7,323.967621359223
"452","RP 3","Tsc2_LE_Het","Mix",100,50,"BBN TH",2,310.509466666667
"453","RP 3","Tsc2_LE_Het","Mix",100,60,"BBN Rxn",7,326.973603773585
"454","RP 3","Tsc2_LE_Het","Mix",100,60,"BBN TH",2,298.139266666667
"455","RP 3","Tsc2_LE_Het","Mix",100,70,"BBN Rxn",7,298.148961538462
"456","RP 3","Tsc2_LE_Het","Mix",100,70,"BBN TH",2,288.216225806452
"457","RP 3","Tsc2_LE_Het","Mix",100,80,"BBN Rxn",7,302.384314285714
"458","RP 3","Tsc2_LE_Het","Mix",300,30,"BBN Rxn",7,365.281240384615
"459","RP 3","Tsc2_LE_Het","Mix",300,30,"BBN TH",5,343.407648648649
"460","RP 3","Tsc2_LE_Het","Mix",300,35,"BBN TH",3,332.261441860465
"461","RP 3","Tsc2_LE_Het","Mix",300,40,"BBN Rxn",7,320.299841121495
"462","RP 3","Tsc2_LE_Het","Mix",300,40,"BBN TH",5,299.156027027027
"463","RP 3","Tsc2_LE_Het","Mix",300,45,"BBN TH",3,305.747720930233
"464","RP 3","Tsc2_LE_Het","Mix",300,50,"BBN Rxn",7,301.591180952381
"465","RP 3","Tsc2_LE_Het","Mix",300,50,"BBN TH",2,283.944933333333
"466","RP 3","Tsc2_LE_Het","Mix",300,60,"BBN Rxn",7,300.066188679245
"467","RP 3","Tsc2_LE_Het","Mix",300,60,"BBN TH",2,279.150233333333
"468","RP 3","Tsc2_LE_Het","Mix",300,70,"BBN Rxn",7,292.669742857143
"469","RP 3","Tsc2_LE_Het","Mix",300,70,"BBN TH",2,265.653266666667
"470","RP 3","Tsc2_LE_Het","Mix",300,80,"BBN Rxn",7,279.701311320755
"471","RP 3","Tsc2_LE_Het","Alone",50,35,"BBN TH",3,308.190729508197
"472","RP 3","Tsc2_LE_Het","Rotating",50,40,"BBN Rotating",7,350.846196363636
"473","RP 3","Tsc2_LE_Het","Alone",50,40,"BBN Rxn",6,325.085765384615
"474","RP 3","Tsc2_LE_Het","Alone",50,40,"BBN TH",5,318.773711627907
"475","RP 3","Tsc2_LE_Het","Alone",50,45,"BBN TH",3,293.398038461538
"476","RP 3","Tsc2_LE_Het","Rotating",50,50,"BBN Rotating",7,339.103950530035
"477","RP 3","Tsc2_LE_Het","Alone",50,50,"BBN Rxn",6,312.044184210526
"478","RP 3","Tsc2_LE_Het","Alone",50,50,"BBN TH",2,304.979727272727
"479","RP 3","Tsc2_LE_Het","Rotating",50,60,"BBN Rotating",7,331.978310954064
"480","RP 3","Tsc2_LE_Het","Alone",50,60,"BBN Rxn",6,307.795380597015
"481","RP 3","Tsc2_LE_Het","Alone",50,60,"BBN TH",2,286.934764044944
"482","RP 3","Tsc2_LE_Het","Rotating",50,70,"BBN Rotating",7,328.669459363958
"483","RP 3","Tsc2_LE_Het","Alone",50,70,"BBN Rxn",6,288.063815789474
"484","RP 3","Tsc2_LE_Het","Alone",50,70,"BBN TH",2,265.460325842697
"485","RP 3","Tsc2_LE_Het","Rotating",50,80,"BBN Rotating",7,328.232821052632
"486","RP 3","Tsc2_LE_Het","Alone",50,80,"BBN Rxn",6,291.574107806691
"487","RP 5","Tsc2_LE_Het","Alone",100,25,"BBN TH",3,313.168008264463
"488","RP 5","Tsc2_LE_Het","Rotating",100,30,"BBN Rotating",5,303.457966329966
"489","RP 5","Tsc2_LE_Het","Alone",100,30,"BBN Rxn",5,255.514113043478
"490","RP 5","Tsc2_LE_Het","Alone",100,30,"BBN TH",5,261.165747706422
"491","RP 5","Tsc2_LE_Het","Alone",100,35,"BBN TH",3,250.604716535433
"492","RP 5","Tsc2_LE_Het","Rotating",100,40,"BBN Rotating",5,293.729404040404
"493","RP 5","Tsc2_LE_Het","Alone",100,40,"BBN Rxn",5,233.760108695652
"494","RP 5","Tsc2_LE_Het","Alone",100,40,"BBN TH",5,240.520082191781
"495","RP 5","Tsc2_LE_Het","Alone",100,45,"BBN TH",3,216.232738095238
"496","RP 5","Tsc2_LE_Het","Rotating",100,50,"BBN Rotating",5,296.070691275168
"497","RP 5","Tsc2_LE_Het","Alone",100,50,"BBN Rxn",5,217.155673819743
"498","RP 5","Tsc2_LE_Het","Alone",100,50,"BBN TH",2,189.387722222222
"499","RP 5","Tsc2_LE_Het","Rotating",100,60,"BBN Rotating",5,283.816261744966
"500","RP 5","Tsc2_LE_Het","Alone",100,60,"BBN Rxn",5,178.543004329004
"501","RP 5","Tsc2_LE_Het","Alone",100,60,"BBN TH",2,174.204527472527
"502","RP 5","Tsc2_LE_Het","Rotating",100,70,"BBN Rotating",5,277.661110738255
"503","RP 5","Tsc2_LE_Het","Alone",100,70,"BBN Rxn",5,166.97175862069
"504","RP 5","Tsc2_LE_Het","Alone",100,70,"BBN TH",2,152.171593406593
"505","RP 5","Tsc2_LE_Het","Rotating",100,80,"BBN Rotating",5,262.061600671141
"506","RP 5","Tsc2_LE_Het","Alone",100,80,"BBN Rxn",5,130.43025
"507","RP 5","Tsc2_LE_Het","Rotating",300,20,"BBN Rotating",6,533.623289473684
"508","RP 5","Tsc2_LE_Het","Alone",300,20,"BBN Rxn",3,397.694684210526
"509","RP 5","Tsc2_LE_Het","Alone",300,20,"BBN TH",5,428.664474683544
"510","RP 5","Tsc2_LE_Het","Alone",300,25,"BBN TH",2,315.43925974026
"511","RP 5","Tsc2_LE_Het","Rotating",300,30,"BBN Rotating",6,312.239715686275
"512","RP 5","Tsc2_LE_Het","Alone",300,30,"BBN Rxn",6,206.512686131387
"513","RP 5","Tsc2_LE_Het","Alone",300,30,"BBN TH",5,211.287564593301
"514","RP 5","Tsc2_LE_Het","Alone",300,35,"BBN TH",2,197.299585365854
"515","RP 5","Tsc2_LE_Het","Rotating",300,40,"BBN Rotating",6,301.505495114007
"516","RP 5","Tsc2_LE_Het","Alone",300,40,"BBN Rxn",6,176.155827838828
"517","RP 5","Tsc2_LE_Het","Alone",300,40,"BBN TH",5,177.66930952381
"518","RP 5","Tsc2_LE_Het","Rotating",300,50,"BBN Rotating",6,287.496307189543
"519","RP 5","Tsc2_LE_Het","Alone",300,50,"BBN Rxn",6,166.035250922509
"520","RP 5","Tsc2_LE_Het","Alone",300,50,"BBN TH",3,150.797837209302
"521","RP 5","Tsc2_LE_Het","Rotating",300,60,"BBN Rotating",6,294.438772727273
"522","RP 5","Tsc2_LE_Het","Alone",300,60,"BBN Rxn",6,149.1596996337
"523","RP 5","Tsc2_LE_Het","Alone",300,60,"BBN TH",3,134.3782890625
"524","RP 5","Tsc2_LE_Het","Rotating",300,70,"BBN Rotating",6,279.391813114754
"525","RP 5","Tsc2_LE_Het","Alone",300,70,"BBN Rxn",6,131.612522058824
"526","RP 5","Tsc2_LE_Het","Alone",300,70,"BBN TH",3,115.0028359375
"527","RP 5","Tsc2_LE_Het","Rotating",300,80,"BBN Rotating",6,263.41090228013
"528","RP 5","Tsc2_LE_Het","Alone",300,80,"BBN Rxn",6,95.9744036363636
"529","RP 5","Tsc2_LE_Het","Alone",300,90,"BBN Rxn",3,76.8517205882353
"530","RP 5","Tsc2_LE_Het","Mix",50,25,"BBN TH",3,319.299944444444
"531","RP 5","Tsc2_LE_Het","Mix",50,30,"BBN Rxn",9,302.356052941176
"532","RP 5","Tsc2_LE_Het","Mix",50,30,"BBN TH",5,295.782329787234
"533","RP 5","Tsc2_LE_Het","Mix",50,35,"BBN TH",3,321.114189655172
"534","RP 5","Tsc2_LE_Het","Mix",50,40,"BBN Rxn",9,312.954175438597
"535","RP 5","Tsc2_LE_Het","Mix",50,40,"BBN TH",5,303.103896907216
"536","RP 5","Tsc2_LE_Het","Mix",50,45,"BBN TH",3,317.360169491525
"537","RP 5","Tsc2_LE_Het","Mix",50,50,"BBN Rxn",9,300.189738095238
"538","RP 5","Tsc2_LE_Het","Mix",50,50,"BBN TH",2,310.062243243243
"539","RP 5","Tsc2_LE_Het","Mix",50,60,"BBN Rxn",9,291.054421052632
"540","RP 5","Tsc2_LE_Het","Mix",50,60,"BBN TH",2,306.261078947368
"541","RP 5","Tsc2_LE_Het","Mix",50,70,"BBN Rxn",9,296.75850295858
"542","RP 5","Tsc2_LE_Het","Mix",50,70,"BBN TH",2,321.416675675676
"543","RP 5","Tsc2_LE_Het","Mix",50,80,"BBN Rxn",9,257.767680232558
"544","RP 5","Tsc2_LE_Het","Mix",100,25,"BBN TH",3,307.86920338983
"545","RP 5","Tsc2_LE_Het","Mix",100,30,"BBN Rxn",9,291.833678362573
"546","RP 5","Tsc2_LE_Het","Mix",100,30,"BBN TH",5,303.06621875
"547","RP 5","Tsc2_LE_Het","Mix",100,35,"BBN TH",3,323.950644067797
"548","RP 5","Tsc2_LE_Het","Mix",100,40,"BBN Rxn",9,303.006438596491
"549","RP 5","Tsc2_LE_Het","Mix",100,40,"BBN TH",5,298.538791666667
"550","RP 5","Tsc2_LE_Het","Mix",100,45,"BBN TH",3,292.184770491803
"551","RP 5","Tsc2_LE_Het","Mix",100,50,"BBN Rxn",9,304.741598837209
"552","RP 5","Tsc2_LE_Het","Mix",100,50,"BBN TH",2,340.435567567568
"553","RP 5","Tsc2_LE_Het","Mix",100,60,"BBN Rxn",9,280.364645348837
"554","RP 5","Tsc2_LE_Het","Mix",100,60,"BBN TH",2,311.460972222222
"555","RP 5","Tsc2_LE_Het","Mix",100,70,"BBN Rxn",9,273.839337278106
"556","RP 5","Tsc2_LE_Het","Mix",100,70,"BBN TH",2,313.27225
"557","RP 5","Tsc2_LE_Het","Mix",100,80,"BBN Rxn",9,255.553304093567
"558","RP 5","Tsc2_LE_Het","Mix",300,20,"BBN Rxn",9,383.982926174497
"559","RP 5","Tsc2_LE_Het","Mix",300,20,"BBN TH",5,385.494925
"560","RP 5","Tsc2_LE_Het","Mix",300,25,"BBN TH",3,306.558766666667
"561","RP 5","Tsc2_LE_Het","Mix",300,30,"BBN Rxn",9,288.729549132948
"562","RP 5","Tsc2_LE_Het","Mix",300,30,"BBN TH",5,293.35824742268
"563","RP 5","Tsc2_LE_Het","Mix",300,35,"BBN TH",3,281.825169491525
"564","RP 5","Tsc2_LE_Het","Mix",300,40,"BBN Rxn",9,296.767449704142
"565","RP 5","Tsc2_LE_Het","Mix",300,40,"BBN TH",5,278.797618556701
"566","RP 5","Tsc2_LE_Het","Mix",300,45,"BBN TH",3,280.327295081967
"567","RP 5","Tsc2_LE_Het","Mix",300,50,"BBN Rxn",9,284.913538461538
"568","RP 5","Tsc2_LE_Het","Mix",300,50,"BBN TH",2,318.054078947368
"569","RP 5","Tsc2_LE_Het","Mix",300,60,"BBN Rxn",9,267.60875
"570","RP 5","Tsc2_LE_Het","Mix",300,60,"BBN TH",2,294.554605263158
"571","RP 5","Tsc2_LE_Het","Mix",300,70,"BBN Rxn",9,259.267830409357
"572","RP 5","Tsc2_LE_Het","Mix",300,70,"BBN TH",2,249.518054054054
"573","RP 5","Tsc2_LE_Het","Mix",300,80,"BBN Rxn",9,228.989076470588
"574","RP 5","Tsc2_LE_Het","Alone",50,25,"BBN TH",3,319.864838028169
"575","RP 5","Tsc2_LE_Het","Rotating",50,30,"BBN Rotating",7,309.242644836272
"576","RP 5","Tsc2_LE_Het","Alone",50,30,"BBN Rxn",5,275.11082
"577","RP 5","Tsc2_LE_Het","Alone",50,30,"BBN TH",5,301.276673003802
"578","RP 5","Tsc2_LE_Het","Alone",50,35,"BBN TH",3,307.245211538461
"579","RP 5","Tsc2_LE_Het","Rotating",50,40,"BBN Rotating",7,301.384985221675
"580","RP 5","Tsc2_LE_Het","Alone",50,40,"BBN Rxn",5,265.509054474708
"581","RP 5","Tsc2_LE_Het","Alone",50,40,"BBN TH",5,295.231458015267
"582","RP 5","Tsc2_LE_Het","Alone",50,45,"BBN TH",3,289.198612903226
"583","RP 5","Tsc2_LE_Het","Rotating",50,50,"BBN Rotating",7,303.160411330049
"584","RP 5","Tsc2_LE_Het","Alone",50,50,"BBN Rxn",5,264.000973180077
"585","RP 5","Tsc2_LE_Het","Alone",50,50,"BBN TH",2,284.36285046729
"586","RP 5","Tsc2_LE_Het","Rotating",50,60,"BBN Rotating",7,288.967601965602
"587","RP 5","Tsc2_LE_Het","Alone",50,60,"BBN Rxn",5,247.210521072797
"588","RP 5","Tsc2_LE_Het","Alone",50,60,"BBN TH",2,262.414551401869
"589","RP 5","Tsc2_LE_Het","Rotating",50,70,"BBN Rotating",7,290.165107579462
"590","RP 5","Tsc2_LE_Het","Alone",50,70,"BBN Rxn",5,219.764869230769
"591","RP 5","Tsc2_LE_Het","Alone",50,70,"BBN TH",2,248.349859813084
"592","RP 5","Tsc2_LE_Het","Rotating",50,80,"BBN Rotating",7,272.668326829268
"593","RP 5","Tsc2_LE_Het","Alone",50,80,"BBN Rxn",5,201.125176923077
"594","RP 6","Tsc2_LE_WT","Alone",100,25,"BBN TH",3,374.622719101124
"595","RP 6","Tsc2_LE_WT","Rotating",100,30,"BBN Rotating",4,356.776248648649
"596","RP 6","Tsc2_LE_WT","Alone",100,30,"BBN Rxn",6,341.027971223022
"597","RP 6","Tsc2_LE_WT","Alone",100,30,"BBN TH",5,341.154145539906
"598","RP 6","Tsc2_LE_WT","Alone",100,35,"BBN TH",3,311.888374045802
"599","RP 6","Tsc2_LE_WT","Rotating",100,40,"BBN Rotating",4,325.702078947368
"600","RP 6","Tsc2_LE_WT","Alone",100,40,"BBN Rxn",6,316.707085616438
"601","RP 6","Tsc2_LE_WT","Alone",100,40,"BBN TH",5,310.158050458716
"602","RP 6","Tsc2_LE_WT","Alone",100,45,"BBN TH",3,308.945295454545
"603","RP 6","Tsc2_LE_WT","Rotating",100,50,"BBN Rotating",4,317.106239361702
"604","RP 6","Tsc2_LE_WT","Alone",100,50,"BBN Rxn",6,299.125575862069
"605","RP 6","Tsc2_LE_WT","Alone",100,50,"BBN TH",2,286.688186046512
"606","RP 6","Tsc2_LE_WT","Rotating",100,60,"BBN Rotating",4,328.427597883598
"607","RP 6","Tsc2_LE_WT","Alone",100,60,"BBN Rxn",6,290.594702422145
"608","RP 6","Tsc2_LE_WT","Alone",100,60,"BBN TH",2,283.267942528736
"609","RP 6","Tsc2_LE_WT","Rotating",100,70,"BBN Rotating",4,314.702968085106
"610","RP 6","Tsc2_LE_WT","Alone",100,70,"BBN Rxn",6,289.206450171821
"611","RP 6","Tsc2_LE_WT","Alone",100,70,"BBN TH",2,301.662058139535
"612","RP 6","Tsc2_LE_WT","Rotating",100,80,"BBN Rotating",4,301.945771276596
"613","RP 6","Tsc2_LE_WT","Alone",100,80,"BBN Rxn",6,240.542664383562
"614","RP 6","Tsc2_LE_WT","Rotating",300,20,"BBN Rotating",5,651.621982758621
"615","RP 6","Tsc2_LE_WT","Alone",300,20,"BBN Rxn",6,486.233216
"616","RP 6","Tsc2_LE_WT","Alone",300,20,"BBN TH",5,505.403038095238
"617","RP 6","Tsc2_LE_WT","Alone",300,25,"BBN TH",3,358.479103448276
"618","RP 6","Tsc2_LE_WT","Rotating",300,30,"BBN Rotating",5,339.805831858407
"619","RP 6","Tsc2_LE_WT","Alone",300,30,"BBN Rxn",6,321.139945606695
"620","RP 6","Tsc2_LE_WT","Alone",300,30,"BBN TH",5,323.727851851852
"621","RP 6","Tsc2_LE_WT","Alone",300,35,"BBN TH",3,298.89555
"622","RP 6","Tsc2_LE_WT","Rotating",300,40,"BBN Rotating",5,330.934626666667
"623","RP 6","Tsc2_LE_WT","Alone",300,40,"BBN Rxn",6,284.120070833333
"624","RP 6","Tsc2_LE_WT","Alone",300,40,"BBN TH",5,289.679232804233
"625","RP 6","Tsc2_LE_WT","Alone",300,45,"BBN TH",3,287.721109243697
"626","RP 6","Tsc2_LE_WT","Rotating",300,50,"BBN Rotating",5,317.334337719298
"627","RP 6","Tsc2_LE_WT","Alone",300,50,"BBN Rxn",6,262.632713692946
"628","RP 6","Tsc2_LE_WT","Alone",300,50,"BBN TH",2,300.522014084507
"629","RP 6","Tsc2_LE_WT","Rotating",300,60,"BBN Rotating",5,302.723442477876
"630","RP 6","Tsc2_LE_WT","Alone",300,60,"BBN Rxn",6,249.838804979253
"631","RP 6","Tsc2_LE_WT","Alone",300,60,"BBN TH",2,296.637577464789
"632","RP 6","Tsc2_LE_WT","Rotating",300,70,"BBN Rotating",5,300.473062222222
"633","RP 6","Tsc2_LE_WT","Alone",300,70,"BBN Rxn",6,239.779020920502
"634","RP 6","Tsc2_LE_WT","Alone",300,70,"BBN TH",2,261.800710144928
"635","RP 6","Tsc2_LE_WT","Rotating",300,80,"BBN Rotating",5,255.811189427313
"636","RP 6","Tsc2_LE_WT","Alone",300,80,"BBN Rxn",6,196.373970954357
"637","RP 6","Tsc2_LE_WT","Mix",50,25,"BBN TH",3,581.839333333333
"638","RP 6","Tsc2_LE_WT","Mix",50,30,"BBN Rxn",8,331.584018691589
"639","RP 6","Tsc2_LE_WT","Mix",50,30,"BBN TH",5,349.394529411765
"640","RP 6","Tsc2_LE_WT","Mix",50,35,"BBN TH",3,316.326488372093
"641","RP 6","Tsc2_LE_WT","Mix",50,40,"BBN Rxn",8,312.717983333333
"642","RP 6","Tsc2_LE_WT","Mix",50,40,"BBN TH",5,303.253873239437
"643","RP 6","Tsc2_LE_WT","Mix",50,45,"BBN TH",3,288.062395348837
"644","RP 6","Tsc2_LE_WT","Mix",50,50,"BBN Rxn",8,307.290633333333
"645","RP 6","Tsc2_LE_WT","Mix",50,50,"BBN TH",2,318.043689655172
"646","RP 6","Tsc2_LE_WT","Mix",50,60,"BBN Rxn",8,297.837190082645
"647","RP 6","Tsc2_LE_WT","Mix",50,60,"BBN TH",2,294.579448275862
"648","RP 6","Tsc2_LE_WT","Mix",50,70,"BBN Rxn",8,300.990685950413
"649","RP 6","Tsc2_LE_WT","Mix",50,70,"BBN TH",2,308.065931034483
"650","RP 6","Tsc2_LE_WT","Mix",50,80,"BBN Rxn",8,287.059430894309
"651","RP 6","Tsc2_LE_WT","Mix",100,25,"BBN TH",3,357.500027777778
"652","RP 6","Tsc2_LE_WT","Mix",100,30,"BBN Rxn",8,322.815881355932
"653","RP 6","Tsc2_LE_WT","Mix",100,30,"BBN TH",5,329.835810810811
"654","RP 6","Tsc2_LE_WT","Mix",100,35,"BBN TH",3,280.637372093023
"655","RP 6","Tsc2_LE_WT","Mix",100,40,"BBN Rxn",8,300.333561983471
"656","RP 6","Tsc2_LE_WT","Mix",100,40,"BBN TH",5,309.883652777778
"657","RP 6","Tsc2_LE_WT","Mix",100,45,"BBN TH",3,303.826886363636
"658","RP 6","Tsc2_LE_WT","Mix",100,50,"BBN Rxn",8,296.304827868852
"659","RP 6","Tsc2_LE_WT","Mix",100,50,"BBN TH",2,275.036275862069
"660","RP 6","Tsc2_LE_WT","Mix",100,60,"BBN Rxn",8,298.045532786885
"661","RP 6","Tsc2_LE_WT","Mix",100,60,"BBN TH",2,326.0241
"662","RP 6","Tsc2_LE_WT","Mix",100,70,"BBN Rxn",8,293.17712295082
"663","RP 6","Tsc2_LE_WT","Mix",100,70,"BBN TH",2,294.879931034483
"664","RP 6","Tsc2_LE_WT","Mix",100,80,"BBN Rxn",8,269.61868852459
"665","RP 6","Tsc2_LE_WT","Mix",300,20,"BBN Rxn",8,542.832216666667
"666","RP 6","Tsc2_LE_WT","Mix",300,20,"BBN TH",5,565.1784
"667","RP 6","Tsc2_LE_WT","Mix",300,25,"BBN TH",3,361.031272727273
"668","RP 6","Tsc2_LE_WT","Mix",300,30,"BBN Rxn",8,311.14958677686
"669","RP 6","Tsc2_LE_WT","Mix",300,30,"BBN TH",5,313.277383561644
"670","RP 6","Tsc2_LE_WT","Mix",300,35,"BBN TH",3,272.595511627907
"671","RP 6","Tsc2_LE_WT","Mix",300,40,"BBN Rxn",8,303.286603305785
"672","RP 6","Tsc2_LE_WT","Mix",300,40,"BBN TH",5,288.286479452055
"673","RP 6","Tsc2_LE_WT","Mix",300,45,"BBN TH",3,296.753046511628
"674","RP 6","Tsc2_LE_WT","Mix",300,50,"BBN Rxn",8,281.098
"675","RP 6","Tsc2_LE_WT","Mix",300,50,"BBN TH",2,304.202793103448
"676","RP 6","Tsc2_LE_WT","Mix",300,60,"BBN Rxn",8,278.644008333333
"677","RP 6","Tsc2_LE_WT","Mix",300,60,"BBN TH",2,281.058275862069
"678","RP 6","Tsc2_LE_WT","Mix",300,70,"BBN Rxn",8,274.376040983607
"679","RP 6","Tsc2_LE_WT","Mix",300,70,"BBN TH",2,272.108172413793
"680","RP 6","Tsc2_LE_WT","Mix",300,80,"BBN Rxn",8,253.894025
"681","RP 6","Tsc2_LE_WT","Alone",50,25,"BBN TH",3,450.659724137931
"682","RP 6","Tsc2_LE_WT","Rotating",50,30,"BBN Rotating",5,338.751623853211
"683","RP 6","Tsc2_LE_WT","Alone",50,30,"BBN Rxn",4,349.010266666667
"684","RP 6","Tsc2_LE_WT","Alone",50,30,"BBN TH",5,329.90176119403
"685","RP 6","Tsc2_LE_WT","Alone",50,35,"BBN TH",3,304.044752
"686","RP 6","Tsc2_LE_WT","Rotating",50,40,"BBN Rotating",5,321.135066115703
"687","RP 6","Tsc2_LE_WT","Alone",50,40,"BBN Rxn",4,321.123778947368
"688","RP 6","Tsc2_LE_WT","Alone",50,40,"BBN TH",5,302.972683257919
"689","RP 6","Tsc2_LE_WT","Alone",50,45,"BBN TH",3,307.711023809524
"690","RP 6","Tsc2_LE_WT","Rotating",50,50,"BBN Rotating",5,324.179157676349
"691","RP 6","Tsc2_LE_WT","Alone",50,50,"BBN Rxn",4,302.770852631579
"692","RP 6","Tsc2_LE_WT","Alone",50,50,"BBN TH",2,291.954112244898
"693","RP 6","Tsc2_LE_WT","Rotating",50,60,"BBN Rotating",5,322.540778688525
"694","RP 6","Tsc2_LE_WT","Alone",50,60,"BBN Rxn",4,300.491901041667
"695","RP 6","Tsc2_LE_WT","Alone",50,60,"BBN TH",2,274.211701030928
"696","RP 6","Tsc2_LE_WT","Rotating",50,70,"BBN Rotating",5,310.347983606557
"697","RP 6","Tsc2_LE_WT","Alone",50,70,"BBN Rxn",4,303.743082901554
"698","RP 6","Tsc2_LE_WT","Alone",50,70,"BBN TH",2,296.155947916667
"699","RP 6","Tsc2_LE_WT","Rotating",50,80,"BBN Rotating",5,292.043393442623
"700","RP 6","Tsc2_LE_WT","Alone",50,80,"BBN Rxn",4,279.251729166667
